ts,config,cagr,mdd,sharpe,vol,days,yearly,turnover_per_year
2026-09-25 06:24:29,"{""name"": ""1A-baseline"", ""start"": ""2016-04-15"", ""end"": ""2026-09-24"", ""rebalance"": ""annual"", ""small_q"": 0.2, ""top_n"": 20, ""min_amount"": 100000000.0, ""slippage"": 0.01, ""timing"": ""none"", ""ma"": 60, ""band"": 0.01, ""note"": ""PDF 그대로: 하위20%, PER·PBR, 20종목, 연1회, 슬리피지1%"", ""extra"": {}}",0.084,-0.5229,0.444,0.2675,2561,"{'2016': 0.281, '2017': -0.298, '2018': 0.316, '2019': 0.131, '2020': 0.507, '2021': 0.281, '2022': -0.121, '2023': -0.097, '2024': -0.155, '2025': 0.277, '2026': 0.049}",1.65
2026-09-25 06:25:01,"{""name"": ""1A+3단계(KQ11)"", ""start"": ""2016-04-15"", ""end"": ""2026-09-24"", ""rebalance"": ""annual"", ""small_q"": 0.2, ""top_n"": 20, ""min_amount"": 100000000.0, ""slippage"": 0.01, ""timing"": ""KQ11"", ""ma"": 60, ""band"": 0.01, ""note"": ""H5 시장 타이밍"", ""extra"": {}}",-0.0828,-0.6767,-0.477,0.1595,2561,"{'2016': -0.042, '2017': -0.307, '2018': 0.347, '2019': -0.107, '2020': 0.27, '2021': -0.094, '2022': -0.252, '2023': -0.21, '2024': -0.076, '2025': -0.078, '2026': -0.121}",10.27
2026-09-25 06:25:04,"{""name"": ""1A+3단계(KS11)"", ""start"": ""2016-04-15"", ""end"": ""2026-09-24"", ""rebalance"": ""annual"", ""small_q"": 0.2, ""top_n"": 20, ""min_amount"": 100000000.0, ""slippage"": 0.01, ""timing"": ""KS11"", ""ma"": 60, ""band"": 0.01, ""note"": ""H5 코스피 기준 타이밍"", ""extra"": {}}",-0.0364,-0.5854,-0.132,0.1742,2561,"{'2016': -0.009, '2017': -0.272, '2018': 0.279, '2019': -0.111, '2020': 0.304, '2021': 0.161, '2022': -0.104, '2023': -0.226, '2024': -0.196, '2025': -0.028, '2026': 0.008}",8.01
2026-09-25 06:25:08,"{""name"": ""1A 분기"", ""start"": ""2016-04-15"", ""end"": ""2026-09-24"", ""rebalance"": ""quarterly"", ""small_q"": 0.2, ""top_n"": 20, ""min_amount"": 100000000.0, ""slippage"": 0.01, ""timing"": ""none"", ""ma"": 60, ""band"": 0.01, ""note"": ""H7 분기 리밸런싱"", ""extra"": {}}",0.1076,-0.5729,0.518,0.282,2561,"{'2016': 0.127, '2017': 0.059, '2018': 0.284, '2019': 0.27, '2020': 0.829, '2021': 0.492, '2022': -0.227, '2023': -0.008, '2024': -0.262, '2025': 0.084, '2026': -0.107}",4.44
2026-09-25 06:25:11,"{""name"": ""1A 반기"", ""start"": ""2016-04-15"", ""end"": ""2026-09-24"", ""rebalance"": ""semi"", ""small_q"": 0.2, ""top_n"": 20, ""min_amount"": 100000000.0, ""slippage"": 0.01, ""timing"": ""none"", ""ma"": 60, ""band"": 0.01, ""note"": ""H7 반기 리밸런싱"", ""extra"": {}}",0.1025,-0.5883,0.492,0.3481,2561,"{'2016': 0.077, '2017': 0.108, '2018': 0.458, '2019': 0.285, '2020': 0.628, '2021': 0.363, '2022': -0.176, '2023': -0.041, '2024': -0.274, '2025': 0.069, '2026': -0.09}",2.73
2026-09-25 06:25:15,"{""name"": ""1A 반기+KQ11"", ""start"": ""2016-04-15"", ""end"": ""2026-09-24"", ""rebalance"": ""semi"", ""small_q"": 0.2, ""top_n"": 20, ""min_amount"": 100000000.0, ""slippage"": 0.01, ""timing"": ""KQ11"", ""ma"": 60, ""band"": 0.01, ""note"": """", ""extra"": {}}",-0.0681,-0.7333,-0.257,0.202,2561,"{'2016': -0.042, '2017': -0.184, '2018': 0.406, '2019': -0.042, '2020': 0.401, '2021': -0.121, '2022': -0.241, '2023': -0.215, '2024': -0.118, '2025': -0.116, '2026': -0.206}",10.62
2026-09-25 06:25:18,"{""name"": ""1A 30종목"", ""start"": ""2016-04-15"", ""end"": ""2026-09-24"", ""rebalance"": ""annual"", ""small_q"": 0.2, ""top_n"": 30, ""min_amount"": 100000000.0, ""slippage"": 0.01, ""timing"": ""none"", ""ma"": 60, ""band"": 0.01, ""note"": """", ""extra"": {}}",0.0849,-0.4928,0.46,0.2515,2561,"{'2016': 0.234, '2017': -0.258, '2018': 0.32, '2019': 0.093, '2020': 0.48, '2021': 0.437, '2022': -0.148, '2023': -0.06, '2024': -0.157, '2025': 0.164, '2026': 0.062}",1.59
2026-09-25 06:25:21,"{""name"": ""1A 하위10%"", ""start"": ""2016-04-15"", ""end"": ""2026-09-24"", ""rebalance"": ""annual"", ""small_q"": 0.1, ""top_n"": 20, ""min_amount"": 100000000.0, ""slippage"": 0.01, ""timing"": ""none"", ""ma"": 60, ""band"": 0.01, ""note"": ""H6 더 작은 종목"", ""extra"": {}}",0.1142,-0.4797,0.557,0.2613,2561,"{'2016': 0.479, '2017': -0.313, '2018': 0.323, '2019': 0.183, '2020': 0.241, '2021': 0.667, '2022': -0.035, '2023': 0.088, '2024': -0.237, '2025': 0.041, '2026': 0.128}",1.65
2026-09-25 06:25:24,"{""name"": ""1A 하위30%"", ""start"": ""2016-04-15"", ""end"": ""2026-09-24"", ""rebalance"": ""annual"", ""small_q"": 0.3, ""top_n"": 20, ""min_amount"": 100000000.0, ""slippage"": 0.01, ""timing"": ""none"", ""ma"": 60, ""band"": 0.01, ""note"": """", ""extra"": {}}",0.1139,-0.5198,0.556,0.2611,2561,"{'2016': 0.366, '2017': -0.232, '2018': 0.123, '2019': 0.109, '2020': 0.545, '2021': 0.177, '2022': -0.087, '2023': 0.202, '2024': -0.285, '2025': 0.545, '2026': 0.069}",1.67
2026-09-25 06:25:54,"{""name"": ""진단: 1A 비용0"", ""start"": ""2016-04-15"", ""end"": ""2026-09-24"", ""rebalance"": ""annual"", ""small_q"": 0.2, ""top_n"": 20, ""min_amount"": 100000000.0, ""slippage"": 0.0, ""timing"": ""none"", ""ma"": 60, ""band"": 0.01, ""note"": ""진단"", ""extra"": {}}",0.1042,-0.5139,0.516,0.2672,2561,"{'2016': 0.294, '2017': -0.286, '2018': 0.341, '2019': 0.152, '2020': 0.536, '2021': 0.308, '2022': -0.104, '2023': -0.081, '2024': -0.14, '2025': 0.298, '2026': 0.069}",1.65
2026-09-25 06:25:58,"{""name"": ""진단: 1A+KQ11 비용0"", ""start"": ""2016-04-15"", ""end"": ""2026-09-24"", ""rebalance"": ""annual"", ""small_q"": 0.2, ""top_n"": 20, ""min_amount"": 100000000.0, ""slippage"": 0.0, ""timing"": ""KQ11"", ""ma"": 60, ""band"": 0.01, ""note"": ""진단"", ""extra"": {}}",0.0296,-0.4472,0.27,0.1562,2561,"{'2016': 0.027, '2017': -0.219, '2018': 0.49, '2019': 0.005, '2020': 0.422, '2021': 0.036, '2022': -0.098, '2023': -0.133, '2024': -0.027, '2025': 0.015, '2026': -0.007}",10.27
2026-09-25 06:26:26,"{""name"": ""1A분기+KQ11 MA120±2%"", ""start"": ""2016-04-15"", ""end"": ""2026-09-24"", ""rebalance"": ""quarterly"", ""small_q"": 0.2, ""top_n"": 20, ""min_amount"": 100000000.0, ""slippage"": 0.01, ""timing"": ""KQ11"", ""ma"": 120, ""band"": 0.02, ""note"": """", ""extra"": {}}",0.0289,-0.5754,0.256,0.1735,2561,"{'2016': -0.014, '2017': -0.3, '2018': 0.449, '2019': -0.035, '2020': 0.849, '2021': 0.17, '2022': -0.027, '2023': -0.163, '2024': -0.128, '2025': -0.025, '2026': -0.069}",5.18
2026-09-25 06:26:30,"{""name"": ""1A분기+KQ11 MA200±3%"", ""start"": ""2016-04-15"", ""end"": ""2026-09-24"", ""rebalance"": ""quarterly"", ""small_q"": 0.2, ""top_n"": 20, ""min_amount"": 100000000.0, ""slippage"": 0.01, ""timing"": ""KQ11"", ""ma"": 200, ""band"": 0.03, ""note"": """", ""extra"": {}}",0.0144,-0.5947,0.172,0.1681,2561,"{'2016': 0.008, '2017': -0.137, '2018': 0.156, '2019': -0.079, '2020': 0.741, '2021': 0.272, '2022': -0.027, '2023': -0.198, '2024': -0.125, '2025': -0.024, '2026': -0.15}",4.68
2026-09-25 06:26:35,"{""name"": ""1A분기+KS11 MA200±3%"", ""start"": ""2016-04-15"", ""end"": ""2026-09-24"", ""rebalance"": ""quarterly"", ""small_q"": 0.2, ""top_n"": 20, ""min_amount"": 100000000.0, ""slippage"": 0.01, ""timing"": ""KS11"", ""ma"": 200, ""band"": 0.03, ""note"": """", ""extra"": {}}",0.0867,-0.5635,0.504,0.2198,2561,"{'2016': 0.09, '2017': 0.059, '2018': 0.449, '2019': 0.015, '2020': 0.682, '2021': 0.413, '2022': 0.0, '2023': -0.158, '2024': -0.235, '2025': 0.027, '2026': -0.107}",3.82
2026-09-25 06:26:40,"{""name"": ""1A분기 하위10%"", ""start"": ""2016-04-15"", ""end"": ""2026-09-24"", ""rebalance"": ""quarterly"", ""small_q"": 0.1, ""top_n"": 20, ""min_amount"": 100000000.0, ""slippage"": 0.01, ""timing"": ""none"", ""ma"": 60, ""band"": 0.01, ""note"": """", ""extra"": {}}",0.1433,-0.4978,0.628,0.2873,2561,"{'2016': 0.366, '2017': 0.016, '2018': 0.241, '2019': 0.331, '2020': 0.383, '2021': 1.03, '2022': -0.172, '2023': 0.109, '2024': -0.247, '2025': 0.057, '2026': -0.14}",4.92
2026-09-25 06:26:49,"{""name"": ""1A분기 슬리피지0.5%"", ""start"": ""2016-04-15"", ""end"": ""2026-09-24"", ""rebalance"": ""quarterly"", ""small_q"": 0.2, ""top_n"": 20, ""min_amount"": 100000000.0, ""slippage"": 0.005, ""timing"": ""none"", ""ma"": 60, ""band"": 0.01, ""note"": ""비용 민감도"", ""extra"": {}}",0.1328,-0.5307,0.6,0.2815,2561,"{'2016': 0.146, '2017': 0.083, '2018': 0.315, '2019': 0.3, '2020': 0.871, '2021': 0.526, '2022': -0.212, '2023': 0.011, '2024': -0.245, '2025': 0.107, '2026': -0.088}",4.44
2026-09-25 06:26:54,"{""name"": ""1A분기 슬리피지2.5%"", ""start"": ""2016-04-15"", ""end"": ""2026-09-24"", ""rebalance"": ""quarterly"", ""small_q"": 0.2, ""top_n"": 20, ""min_amount"": 100000000.0, ""slippage"": 0.025, ""timing"": ""none"", ""ma"": 60, ""band"": 0.01, ""note"": ""비용 민감도"", ""extra"": {}}",0.0347,-0.6953,0.27,0.2864,2561,"{'2016': 0.071, '2017': -0.012, '2018': 0.194, '2019': 0.183, '2020': 0.71, '2021': 0.394, '2022': -0.269, '2023': -0.063, '2024': -0.313, '2025': 0.016, '2026': -0.163}",4.44
2026-09-25 06:28:19,"{""name"": ""1A분기(재확인)"", ""start"": ""2016-04-15"", ""end"": ""2026-09-24"", ""rebalance"": ""quarterly"", ""small_q"": 0.2, ""top_n"": 20, ""min_amount"": 100000000.0, ""slippage"": 0.01, ""strategy"": ""A"", ""b_top"": 200, ""mom_lb"": 252, ""mom_skip"": 21, ""timing"": ""none"", ""ma"": 60, ""band"": 0.01, ""note"": """", ""extra"": {}}",0.1076,-0.5729,0.518,0.282,2561,"{'2016': 0.127, '2017': 0.059, '2018': 0.284, '2019': 0.27, '2020': 0.829, '2021': 0.492, '2022': -0.227, '2023': -0.008, '2024': -0.262, '2025': 0.084, '2026': -0.107}",4.44
2026-09-25 06:28:23,"{""name"": ""1B분기 대형모멘텀"", ""start"": ""2016-04-15"", ""end"": ""2026-09-24"", ""rebalance"": ""quarterly"", ""small_q"": 0.2, ""top_n"": 20, ""min_amount"": 100000000.0, ""slippage"": 0.003, ""strategy"": ""B"", ""b_top"": 200, ""mom_lb"": 252, ""mom_skip"": 21, ""timing"": ""none"", ""ma"": 60, ""band"": 0.01, ""note"": ""대형주라 슬리피지 0.3%"", ""extra"": {}}",0.0062,-0.6074,0.191,0.3448,2561,"{'2016': -0.245, '2017': 0.448, '2018': -0.126, '2019': -0.227, '2020': 0.63, '2021': -0.092, '2022': -0.347, '2023': 0.011, '2024': -0.167, '2025': 1.059, '2026': -0.139}",4.44
2026-09-25 06:28:28,"{""name"": ""1A+1B분기 반반"", ""start"": ""2016-04-15"", ""end"": ""2026-09-24"", ""rebalance"": ""quarterly"", ""small_q"": 0.2, ""top_n"": 20, ""min_amount"": 100000000.0, ""slippage"": 0.007, ""strategy"": ""AB"", ""b_top"": 200, ""mom_lb"": 252, ""mom_skip"": 21, ""timing"": ""none"", ""ma"": 60, ""band"": 0.01, ""note"": ""A 1%·B 0.3% 평균"", ""extra"": {}}",0.0675,-0.5319,0.386,0.268,2561,"{'2016': -0.071, '2017': 0.273, '2018': 0.069, '2019': -0.0, '2020': 0.741, '2021': 0.191, '2022': -0.289, '2023': 0.013, '2024': -0.21, '2025': 0.51, '2026': -0.123}",4.45
2026-09-25 06:28:33,"{""name"": ""1A+1B분기+KS11 200"", ""start"": ""2016-04-15"", ""end"": ""2026-09-24"", ""rebalance"": ""quarterly"", ""small_q"": 0.2, ""top_n"": 20, ""min_amount"": 100000000.0, ""slippage"": 0.007, ""strategy"": ""AB"", ""b_top"": 200, ""mom_lb"": 252, ""mom_skip"": 21, ""timing"": ""KS11"", ""ma"": 200, ""band"": 0.03, ""note"": """", ""extra"": {}}",0.0538,-0.5133,0.366,0.2062,2561,"{'2016': -0.099, '2017': 0.273, '2018': 0.216, '2019': 0.018, '2020': 0.5, '2021': 0.122, '2022': 0.0, '2023': -0.176, '2024': -0.189, '2025': 0.234, '2026': -0.123}",3.83
2026-09-25 06:35:00,"{""name"": ""분기 하위10% +퀄리티50%"", ""start"": ""2016-04-15"", ""end"": ""2026-09-24"", ""rebalance"": ""quarterly"", ""small_q"": 0.1, ""top_n"": 20, ""value"": ""per_pbr"", ""quality_q"": 0.5, ""min_amount"": 100000000.0, ""slippage"": 0.01, ""strategy"": ""A"", ""b_top"": 200, ""mom_lb"": 252, ""mom_skip"": 21, ""timing"": ""none"", ""ma"": 60, ""band"": 0.01, ""note"": ""H6"", ""extra"": {}}",0.1763,-0.4889,0.742,0.2793,2561,"{'2016': 0.376, '2017': 0.318, '2018': 0.283, '2019': 0.37, '2020': 0.442, '2021': 0.797, '2022': -0.14, '2023': 0.048, '2024': -0.247, '2025': 0.08, '2026': -0.1}",4.72
2026-09-25 06:35:07,"{""name"": ""분기 하위20% +퀄리티50%"", ""start"": ""2016-04-15"", ""end"": ""2026-09-24"", ""rebalance"": ""quarterly"", ""small_q"": 0.2, ""top_n"": 20, ""value"": ""per_pbr"", ""quality_q"": 0.5, ""min_amount"": 100000000.0, ""slippage"": 0.01, ""strategy"": ""A"", ""b_top"": 200, ""mom_lb"": 252, ""mom_skip"": 21, ""timing"": ""none"", ""ma"": 60, ""band"": 0.01, ""note"": ""H6"", ""extra"": {}}",0.1503,-0.4775,0.655,0.2823,2561,"{'2016': 0.173, '2017': 0.021, '2018': 0.401, '2019': 0.427, '2020': 0.637, '2021': 0.533, '2022': -0.198, '2023': 0.056, '2024': -0.248, '2025': 0.105, '2026': 0.02}",4.37
2026-09-25 06:35:13,"{""name"": ""분기 하위10% 가치3지표"", ""start"": ""2016-04-15"", ""end"": ""2026-09-24"", ""rebalance"": ""quarterly"", ""small_q"": 0.1, ""top_n"": 20, ""value"": ""per_pbr_psr"", ""quality_q"": 0.0, ""min_amount"": 100000000.0, ""slippage"": 0.01, ""strategy"": ""A"", ""b_top"": 200, ""mom_lb"": 252, ""mom_skip"": 21, ""timing"": ""none"", ""ma"": 60, ""band"": 0.01, ""note"": """", ""extra"": {}}",0.1129,-0.5186,0.555,0.2594,2561,"{'2016': 0.157, '2017': 0.007, '2018': 0.221, '2019': 0.312, '2020': 0.448, '2021': 0.928, '2022': -0.131, '2023': 0.097, '2024': -0.258, '2025': 0.06, '2026': -0.217}",4.58
2026-09-25 06:35:19,"{""name"": ""분기 하위10% 가치3+퀄50"", ""start"": ""2016-04-15"", ""end"": ""2026-09-24"", ""rebalance"": ""quarterly"", ""small_q"": 0.1, ""top_n"": 20, ""value"": ""per_pbr_psr"", ""quality_q"": 0.5, ""min_amount"": 100000000.0, ""slippage"": 0.01, ""strategy"": ""A"", ""b_top"": 200, ""mom_lb"": 252, ""mom_skip"": 21, ""timing"": ""none"", ""ma"": 60, ""band"": 0.01, ""note"": """", ""extra"": {}}",0.1643,-0.5159,0.702,0.2806,2561,"{'2016': 0.341, '2017': 0.436, '2018': 0.261, '2019': 0.276, '2020': 0.395, '2021': 0.783, '2022': -0.085, '2023': -0.004, '2024': -0.228, '2025': 0.004, '2026': -0.101}",4.69
2026-09-25 06:35:25,"{""name"": ""분기 하위20% 가치3+퀄50"", ""start"": ""2016-04-15"", ""end"": ""2026-09-24"", ""rebalance"": ""quarterly"", ""small_q"": 0.2, ""top_n"": 20, ""value"": ""per_pbr_psr"", ""quality_q"": 0.5, ""min_amount"": 100000000.0, ""slippage"": 0.01, ""strategy"": ""A"", ""b_top"": 200, ""mom_lb"": 252, ""mom_skip"": 21, ""timing"": ""none"", ""ma"": 60, ""band"": 0.01, ""note"": """", ""extra"": {}}",0.1313,-0.5005,0.625,0.2556,2561,"{'2016': 0.251, '2017': -0.129, '2018': 0.441, '2019': 0.405, '2020': 0.806, '2021': 0.421, '2022': -0.195, '2023': 0.055, '2024': -0.273, '2025': 0.087, '2026': -0.046}",4.25
2026-09-25 06:37:12,"{""name"": ""소형가치퀄리티 ↔ KOSPI200 전환 126일"", ""rotate_lookback"": 126, ""bench"": ""069500""}",0.2233,-0.4881,0.812,0.3192,2561,"{'2016': 0.005, '2017': 0.23, '2018': 0.24, '2019': 0.335, '2020': 0.24, '2021': 0.643, '2022': -0.165, '2023': -0.014, '2024': -0.192, '2025': 0.58, '2026': 0.872}",21,0.56
2026-09-25 06:37:12,"{""name"": ""소형가치퀄리티 ↔ KOSPI200 전환 252일"", ""rotate_lookback"": 252, ""bench"": ""069500""}",0.2592,-0.4348,0.956,0.2924,2561,"{'2016': 0.08, '2017': 0.091, '2018': -0.133, '2019': 0.37, '2020': 0.442, '2021': 0.797, '2022': -0.14, '2023': 0.078, '2024': -0.094, '2025': 0.942, '2026': 0.872}",11,0.53
2026-09-25 06:40:20,"{""name"": ""소형가치퀄리티+전환+변동성목표20%"", ""vol_target"": 0.2, ""window"": 60}",0.1531,-0.3259,0.824,0.2028,2561,"{'2016': 0.08, '2017': 0.091, '2018': -0.122, '2019': 0.275, '2020': 0.135, '2021': 0.547, '2022': -0.198, '2023': 0.056, '2024': -0.092, '2025': 0.793, '2026': 0.385}",0.84
2026-09-25 06:49:59,"{""name"": ""G2 base sl0.0"", ""start"": ""2016-04-15"", ""end"": ""2026-09-24"", ""rebalance"": ""quarterly"", ""small_q"": 0.1, ""top_n"": 20, ""value"": ""per_pbr"", ""quality_q"": 0.5, ""min_amount"": 100000000.0, ""slippage"": 0.01, ""strategy"": ""A"", ""b_top"": 200, ""mom_lb"": 252, ""mom_skip"": 21, ""stop_loss"": 0.0, ""timing"": ""none"", ""ma"": 60, ""band"": 0.01, ""note"": """", ""extra"": {}}",0.1763,-0.4889,0.742,0.2793,2561,"{'2016': 0.376, '2017': 0.318, '2018': 0.283, '2019': 0.37, '2020': 0.442, '2021': 0.797, '2022': -0.14, '2023': 0.048, '2024': -0.247, '2025': 0.08, '2026': -0.1}",4.72
2026-09-25 06:50:00,"{""name"": ""G2 dual sl0.0 lb126"", ""dual_lookback"": 126, ""assets"": [""small_value"", ""kospi200"", ""bond""]}",0.1645,-0.5216,0.672,0.3026,2561,"{'2016': -0.021, '2017': 0.261, '2018': 0.14, '2019': 0.153, '2020': 0.002, '2021': 0.683, '2022': -0.237, '2023': -0.183, '2024': -0.103, '2025': 0.714, '2026': 0.872}",26,"{'small_value': 0.46, 'kospi200': 0.3, 'bond': 0.24}"
2026-09-25 06:50:04,"{""name"": ""G2 base sl0.0"", ""start"": ""2016-04-15"", ""end"": ""2026-09-24"", ""rebalance"": ""quarterly"", ""small_q"": 0.1, ""top_n"": 20, ""value"": ""per_pbr"", ""quality_q"": 0.5, ""min_amount"": 100000000.0, ""slippage"": 0.01, ""strategy"": ""A"", ""b_top"": 200, ""mom_lb"": 252, ""mom_skip"": 21, ""stop_loss"": 0.0, ""timing"": ""none"", ""ma"": 60, ""band"": 0.01, ""note"": """", ""extra"": {}}",0.1763,-0.4889,0.742,0.2793,2561,"{'2016': 0.376, '2017': 0.318, '2018': 0.283, '2019': 0.37, '2020': 0.442, '2021': 0.797, '2022': -0.14, '2023': 0.048, '2024': -0.247, '2025': 0.08, '2026': -0.1}",4.72
2026-09-25 06:50:05,"{""name"": ""G2 dual sl0.0 lb126"", ""dual_lookback"": 126, ""assets"": [""small_value"", ""kospi200"", ""bond""]}",0.1645,-0.5216,0.672,0.3026,2561,"{'2016': -0.021, '2017': 0.261, '2018': 0.14, '2019': 0.153, '2020': 0.002, '2021': 0.683, '2022': -0.237, '2023': -0.183, '2024': -0.103, '2025': 0.714, '2026': 0.872}",26,"{'small_value': 0.46, 'kospi200': 0.3, 'bond': 0.24}"
2026-09-25 06:50:05,"{""name"": ""G2 vt0.2 sl0.0 lb126"", ""vol_target"": 0.2, ""window"": 60}",0.1001,-0.491,0.592,0.1997,2561,"{'2016': -0.034, '2017': 0.201, '2018': 0.172, '2019': 0.109, '2020': -0.057, '2021': 0.483, '2022': -0.239, '2023': -0.181, '2024': -0.106, '2025': 0.665, '2026': 0.385}",0.83
2026-09-25 06:50:10,"{""name"": ""G2 base sl0.0"", ""start"": ""2016-04-15"", ""end"": ""2026-09-24"", ""rebalance"": ""quarterly"", ""small_q"": 0.1, ""top_n"": 20, ""value"": ""per_pbr"", ""quality_q"": 0.5, ""min_amount"": 100000000.0, ""slippage"": 0.01, ""strategy"": ""A"", ""b_top"": 200, ""mom_lb"": 252, ""mom_skip"": 21, ""stop_loss"": 0.0, ""timing"": ""none"", ""ma"": 60, ""band"": 0.01, ""note"": """", ""extra"": {}}",0.1763,-0.4889,0.742,0.2793,2561,"{'2016': 0.376, '2017': 0.318, '2018': 0.283, '2019': 0.37, '2020': 0.442, '2021': 0.797, '2022': -0.14, '2023': 0.048, '2024': -0.247, '2025': 0.08, '2026': -0.1}",4.72
2026-09-25 06:50:11,"{""name"": ""G2 dual sl0.0 lb252"", ""dual_lookback"": 252, ""assets"": [""small_value"", ""kospi200"", ""bond""]}",0.1439,-0.5099,0.637,0.2777,2561,"{'2016': 0.009, '2017': 0.025, '2018': -0.089, '2019': 0.242, '2020': 0.17, '2021': 0.797, '2022': -0.294, '2023': -0.088, '2024': -0.077, '2025': 0.488, '2026': 0.872}",20,"{'small_value': 0.47, 'kospi200': 0.29, 'bond': 0.24}"
2026-09-25 06:50:15,"{""name"": ""G2 base sl0.0"", ""start"": ""2016-04-15"", ""end"": ""2026-09-24"", ""rebalance"": ""quarterly"", ""small_q"": 0.1, ""top_n"": 20, ""value"": ""per_pbr"", ""quality_q"": 0.5, ""min_amount"": 100000000.0, ""slippage"": 0.01, ""strategy"": ""A"", ""b_top"": 200, ""mom_lb"": 252, ""mom_skip"": 21, ""stop_loss"": 0.0, ""timing"": ""none"", ""ma"": 60, ""band"": 0.01, ""note"": """", ""extra"": {}}",0.1763,-0.4889,0.742,0.2793,2561,"{'2016': 0.376, '2017': 0.318, '2018': 0.283, '2019': 0.37, '2020': 0.442, '2021': 0.797, '2022': -0.14, '2023': 0.048, '2024': -0.247, '2025': 0.08, '2026': -0.1}",4.72
2026-09-25 06:50:16,"{""name"": ""G2 dual sl0.0 lb252"", ""dual_lookback"": 252, ""assets"": [""small_value"", ""kospi200"", ""bond""]}",0.1439,-0.5099,0.637,0.2777,2561,"{'2016': 0.009, '2017': 0.025, '2018': -0.089, '2019': 0.242, '2020': 0.17, '2021': 0.797, '2022': -0.294, '2023': -0.088, '2024': -0.077, '2025': 0.488, '2026': 0.872}",20,"{'small_value': 0.47, 'kospi200': 0.29, 'bond': 0.24}"
2026-09-25 06:50:16,"{""name"": ""G2 vt0.2 sl0.0 lb252"", ""vol_target"": 0.2, ""window"": 60}",0.0751,-0.4963,0.485,0.1912,2561,"{'2016': 0.009, '2017': 0.025, '2018': -0.075, '2019': 0.16, '2020': 0.068, '2021': 0.547, '2022': -0.311, '2023': -0.09, '2024': -0.075, '2025': 0.446, '2026': 0.385}",0.86
2026-09-25 06:50:22,"{""name"": ""G2 base sl0.1"", ""start"": ""2016-04-15"", ""end"": ""2026-09-24"", ""rebalance"": ""quarterly"", ""small_q"": 0.1, ""top_n"": 20, ""value"": ""per_pbr"", ""quality_q"": 0.5, ""min_amount"": 100000000.0, ""slippage"": 0.01, ""strategy"": ""A"", ""b_top"": 200, ""mom_lb"": 252, ""mom_skip"": 21, ""stop_loss"": 0.1, ""timing"": ""none"", ""ma"": 60, ""band"": 0.01, ""note"": """", ""extra"": {}}",-0.0533,-0.6686,-0.336,0.1385,2561,"{'2016': 0.122, '2017': 0.018, '2018': 0.109, '2019': -0.025, '2020': 0.131, '2021': 0.014, '2022': -0.125, '2023': -0.172, '2024': -0.285, '2025': -0.084, '2026': -0.159}",7.48
2026-09-25 06:50:22,"{""name"": ""G2 dual sl0.1 lb126"", ""dual_lookback"": 126, ""assets"": [""small_value"", ""kospi200"", ""bond""]}",0.1002,-0.5012,0.537,0.2327,2561,"{'2016': -0.03, '2017': 0.112, '2018': 0.098, '2019': -0.041, '2020': 0.029, '2021': -0.06, '2022': -0.15, '2023': -0.024, '2024': -0.073, '2025': 0.714, '2026': 0.872}",27,"{'small_value': 0.21, 'kospi200': 0.44, 'bond': 0.35}"
2026-09-25 06:50:28,"{""name"": ""G2 base sl0.1"", ""start"": ""2016-04-15"", ""end"": ""2026-09-24"", ""rebalance"": ""quarterly"", ""small_q"": 0.1, ""top_n"": 20, ""value"": ""per_pbr"", ""quality_q"": 0.5, ""min_amount"": 100000000.0, ""slippage"": 0.01, ""strategy"": ""A"", ""b_top"": 200, ""mom_lb"": 252, ""mom_skip"": 21, ""stop_loss"": 0.1, ""timing"": ""none"", ""ma"": 60, ""band"": 0.01, ""note"": """", ""extra"": {}}",-0.0533,-0.6686,-0.336,0.1385,2561,"{'2016': 0.122, '2017': 0.018, '2018': 0.109, '2019': -0.025, '2020': 0.131, '2021': 0.014, '2022': -0.125, '2023': -0.172, '2024': -0.285, '2025': -0.084, '2026': -0.159}",7.48
2026-09-25 06:50:29,"{""name"": ""G2 dual sl0.1 lb126"", ""dual_lookback"": 126, ""assets"": [""small_value"", ""kospi200"", ""bond""]}",0.1002,-0.5012,0.537,0.2327,2561,"{'2016': -0.03, '2017': 0.112, '2018': 0.098, '2019': -0.041, '2020': 0.029, '2021': -0.06, '2022': -0.15, '2023': -0.024, '2024': -0.073, '2025': 0.714, '2026': 0.872}",27,"{'small_value': 0.21, 'kospi200': 0.44, 'bond': 0.35}"
2026-09-25 06:50:29,"{""name"": ""G2 vt0.2 sl0.1 lb126"", ""vol_target"": 0.2, ""window"": 60}",0.0627,-0.4954,0.489,0.1515,2561,"{'2016': -0.03, '2017': 0.112, '2018': 0.111, '2019': -0.041, '2020': -0.003, '2021': -0.068, '2022': -0.15, '2023': -0.024, '2024': -0.076, '2025': 0.665, '2026': 0.385}",0.93
2026-09-25 06:50:35,"{""name"": ""G2 base sl0.1"", ""start"": ""2016-04-15"", ""end"": ""2026-09-24"", ""rebalance"": ""quarterly"", ""small_q"": 0.1, ""top_n"": 20, ""value"": ""per_pbr"", ""quality_q"": 0.5, ""min_amount"": 100000000.0, ""slippage"": 0.01, ""strategy"": ""A"", ""b_top"": 200, ""mom_lb"": 252, ""mom_skip"": 21, ""stop_loss"": 0.1, ""timing"": ""none"", ""ma"": 60, ""band"": 0.01, ""note"": """", ""extra"": {}}",-0.0533,-0.6686,-0.336,0.1385,2561,"{'2016': 0.122, '2017': 0.018, '2018': 0.109, '2019': -0.025, '2020': 0.131, '2021': 0.014, '2022': -0.125, '2023': -0.172, '2024': -0.285, '2025': -0.084, '2026': -0.159}",7.48
2026-09-25 06:50:35,"{""name"": ""G2 dual sl0.1 lb252"", ""dual_lookback"": 252, ""assets"": [""small_value"", ""kospi200"", ""bond""]}",0.1098,-0.4081,0.584,0.2268,2561,"{'2016': 0.009, '2017': 0.149, '2018': -0.027, '2019': 0.042, '2020': 0.025, '2021': 0.03, '2022': -0.079, '2023': 0.01, '2024': -0.077, '2025': 0.488, '2026': 0.872}",15,"{'small_value': 0.14, 'kospi200': 0.51, 'bond': 0.35}"
2026-09-25 06:50:42,"{""name"": ""G2 base sl0.1"", ""start"": ""2016-04-15"", ""end"": ""2026-09-24"", ""rebalance"": ""quarterly"", ""small_q"": 0.1, ""top_n"": 20, ""value"": ""per_pbr"", ""quality_q"": 0.5, ""min_amount"": 100000000.0, ""slippage"": 0.01, ""strategy"": ""A"", ""b_top"": 200, ""mom_lb"": 252, ""mom_skip"": 21, ""stop_loss"": 0.1, ""timing"": ""none"", ""ma"": 60, ""band"": 0.01, ""note"": """", ""extra"": {}}",-0.0533,-0.6686,-0.336,0.1385,2561,"{'2016': 0.122, '2017': 0.018, '2018': 0.109, '2019': -0.025, '2020': 0.131, '2021': 0.014, '2022': -0.125, '2023': -0.172, '2024': -0.285, '2025': -0.084, '2026': -0.159}",7.48
2026-09-25 06:50:42,"{""name"": ""G2 dual sl0.1 lb252"", ""dual_lookback"": 252, ""assets"": [""small_value"", ""kospi200"", ""bond""]}",0.1098,-0.4081,0.584,0.2268,2561,"{'2016': 0.009, '2017': 0.149, '2018': -0.027, '2019': 0.042, '2020': 0.025, '2021': 0.03, '2022': -0.079, '2023': 0.01, '2024': -0.077, '2025': 0.488, '2026': 0.872}",15,"{'small_value': 0.14, 'kospi200': 0.51, 'bond': 0.35}"
2026-09-25 06:50:42,"{""name"": ""G2 vt0.2 sl0.1 lb252"", ""vol_target"": 0.2, ""window"": 60}",0.0751,-0.328,0.574,0.149,2561,"{'2016': 0.009, '2017': 0.149, '2018': -0.017, '2019': 0.042, '2020': 0.021, '2021': 0.019, '2022': -0.079, '2023': 0.01, '2024': -0.075, '2025': 0.446, '2026': 0.385}",0.94
2026-09-25 06:50:49,"{""name"": ""G2 base sl0.2"", ""start"": ""2016-04-15"", ""end"": ""2026-09-24"", ""rebalance"": ""quarterly"", ""small_q"": 0.1, ""top_n"": 20, ""value"": ""per_pbr"", ""quality_q"": 0.5, ""min_amount"": 100000000.0, ""slippage"": 0.01, ""strategy"": ""A"", ""b_top"": 200, ""mom_lb"": 252, ""mom_skip"": 21, ""stop_loss"": 0.2, ""timing"": ""none"", ""ma"": 60, ""band"": 0.01, ""note"": """", ""extra"": {}}",0.0429,-0.584,0.317,0.1991,2561,"{'2016': 0.199, '2017': -0.008, '2018': 0.123, '2019': 0.164, '2020': 0.382, '2021': 0.363, '2022': -0.102, '2023': -0.03, '2024': -0.286, '2025': 0.038, '2026': -0.18}",5.76
2026-09-25 06:50:49,"{""name"": ""G2 dual sl0.2 lb126"", ""dual_lookback"": 126, ""assets"": [""small_value"", ""kospi200"", ""bond""]}",0.0679,-0.6087,0.395,0.2486,2561,"{'2016': -0.027, '2017': 0.08, '2018': -0.031, '2019': -0.025, '2020': -0.138, '2021': 0.163, '2022': -0.308, '2023': -0.03, '2024': -0.073, '2025': 0.714, '2026': 0.872}",31,"{'small_value': 0.3, 'kospi200': 0.37, 'bond': 0.33}"
2026-09-25 06:50:55,"{""name"": ""G2 base sl0.2"", ""start"": ""2016-04-15"", ""end"": ""2026-09-24"", ""rebalance"": ""quarterly"", ""small_q"": 0.1, ""top_n"": 20, ""value"": ""per_pbr"", ""quality_q"": 0.5, ""min_amount"": 100000000.0, ""slippage"": 0.01, ""strategy"": ""A"", ""b_top"": 200, ""mom_lb"": 252, ""mom_skip"": 21, ""stop_loss"": 0.2, ""timing"": ""none"", ""ma"": 60, ""band"": 0.01, ""note"": """", ""extra"": {}}",0.0429,-0.584,0.317,0.1991,2561,"{'2016': 0.199, '2017': -0.008, '2018': 0.123, '2019': 0.164, '2020': 0.382, '2021': 0.363, '2022': -0.102, '2023': -0.03, '2024': -0.286, '2025': 0.038, '2026': -0.18}",5.76
2026-09-25 06:50:56,"{""name"": ""G2 dual sl0.2 lb126"", ""dual_lookback"": 126, ""assets"": [""small_value"", ""kospi200"", ""bond""]}",0.0679,-0.6087,0.395,0.2486,2561,"{'2016': -0.027, '2017': 0.08, '2018': -0.031, '2019': -0.025, '2020': -0.138, '2021': 0.163, '2022': -0.308, '2023': -0.03, '2024': -0.073, '2025': 0.714, '2026': 0.872}",31,"{'small_value': 0.3, 'kospi200': 0.37, 'bond': 0.33}"
2026-09-25 06:50:56,"{""name"": ""G2 vt0.2 sl0.2 lb126"", ""vol_target"": 0.2, ""window"": 60}",0.0322,-0.6141,0.276,0.1715,2561,"{'2016': -0.027, '2017': 0.08, '2018': -0.004, '2019': -0.027, '2020': -0.15, '2021': 0.123, '2022': -0.307, '2023': -0.03, '2024': -0.076, '2025': 0.665, '2026': 0.385}",0.91
2026-09-25 06:51:02,"{""name"": ""G2 base sl0.2"", ""start"": ""2016-04-15"", ""end"": ""2026-09-24"", ""rebalance"": ""quarterly"", ""small_q"": 0.1, ""top_n"": 20, ""value"": ""per_pbr"", ""quality_q"": 0.5, ""min_amount"": 100000000.0, ""slippage"": 0.01, ""strategy"": ""A"", ""b_top"": 200, ""mom_lb"": 252, ""mom_skip"": 21, ""stop_loss"": 0.2, ""timing"": ""none"", ""ma"": 60, ""band"": 0.01, ""note"": """", ""extra"": {}}",0.0429,-0.584,0.317,0.1991,2561,"{'2016': 0.199, '2017': -0.008, '2018': 0.123, '2019': 0.164, '2020': 0.382, '2021': 0.363, '2022': -0.102, '2023': -0.03, '2024': -0.286, '2025': 0.038, '2026': -0.18}",5.76
2026-09-25 06:51:03,"{""name"": ""G2 dual sl0.2 lb252"", ""dual_lookback"": 252, ""assets"": [""small_value"", ""kospi200"", ""bond""]}",0.1301,-0.4081,0.636,0.2441,2561,"{'2016': 0.009, '2017': 0.149, '2018': -0.096, '2019': 0.038, '2020': 0.157, '2021': 0.193, '2022': -0.086, '2023': 0.017, '2024': -0.077, '2025': 0.488, '2026': 0.872}",21,"{'small_value': 0.32, 'kospi200': 0.37, 'bond': 0.31}"
2026-09-25 06:51:09,"{""name"": ""G2 base sl0.2"", ""start"": ""2016-04-15"", ""end"": ""2026-09-24"", ""rebalance"": ""quarterly"", ""small_q"": 0.1, ""top_n"": 20, ""value"": ""per_pbr"", ""quality_q"": 0.5, ""min_amount"": 100000000.0, ""slippage"": 0.01, ""strategy"": ""A"", ""b_top"": 200, ""mom_lb"": 252, ""mom_skip"": 21, ""stop_loss"": 0.2, ""timing"": ""none"", ""ma"": 60, ""band"": 0.01, ""note"": """", ""extra"": {}}",0.0429,-0.584,0.317,0.1991,2561,"{'2016': 0.199, '2017': -0.008, '2018': 0.123, '2019': 0.164, '2020': 0.382, '2021': 0.363, '2022': -0.102, '2023': -0.03, '2024': -0.286, '2025': 0.038, '2026': -0.18}",5.76
2026-09-25 06:51:09,"{""name"": ""G2 dual sl0.2 lb252"", ""dual_lookback"": 252, ""assets"": [""small_value"", ""kospi200"", ""bond""]}",0.1301,-0.4081,0.636,0.2441,2561,"{'2016': 0.009, '2017': 0.149, '2018': -0.096, '2019': 0.038, '2020': 0.157, '2021': 0.193, '2022': -0.086, '2023': 0.017, '2024': -0.077, '2025': 0.488, '2026': 0.872}",21,"{'small_value': 0.32, 'kospi200': 0.37, 'bond': 0.31}"
2026-09-25 06:51:09,"{""name"": ""G2 vt0.2 sl0.2 lb252"", ""vol_target"": 0.2, ""window"": 60}",0.0839,-0.3764,0.575,0.169,2561,"{'2016': 0.009, '2017': 0.149, '2018': -0.079, '2019': 0.023, '2020': 0.094, '2021': 0.161, '2022': -0.111, '2023': 0.017, '2024': -0.075, '2025': 0.446, '2026': 0.385}",0.92
2026-09-25 06:59:56,"{""name"": ""버그수정 후 최고설정"", ""start"": ""2016-04-15"", ""end"": ""2026-09-24"", ""rebalance"": ""quarterly"", ""small_q"": 0.1, ""top_n"": 20, ""value"": ""per_pbr"", ""quality_q"": 0.5, ""min_amount"": 100000000.0, ""slippage"": 0.01, ""strategy"": ""A"", ""b_top"": 200, ""mom_lb"": 252, ""mom_skip"": 21, ""stop_loss"": 0.0, ""timing"": ""none"", ""ma"": 60, ""band"": 0.01, ""note"": ""엔진 버그 3건 수정 후 재측정"", ""extra"": {}}",0.1716,-0.4835,0.781,0.2481,2561,"{'2016': 0.481, '2017': 0.145, '2018': 0.281, '2019': 0.387, '2020': 0.476, '2021': 0.8, '2022': -0.164, '2023': 0.048, '2024': -0.235, '2025': 0.075, '2026': -0.095}",4.61
2026-09-25 06:59:57,"{""name"": ""버그수정 후 최고설정+전환252"", ""rotate_lookback"": 252, ""bench"": ""069500""}",0.2913,-0.4199,1.045,0.2924,2561,"{'2016': 0.08, '2017': 0.098, '2018': 0.111, '2019': 0.387, '2020': 0.476, '2021': 0.8, '2022': -0.164, '2023': 0.078, '2024': -0.094, '2025': 0.942, '2026': 0.872}",7,0.54
2026-09-25 07:00:41,"{""name"": ""G2 base sl0.0"", ""start"": ""2016-04-15"", ""end"": ""2026-09-24"", ""rebalance"": ""quarterly"", ""small_q"": 0.1, ""top_n"": 20, ""value"": ""per_pbr"", ""quality_q"": 0.5, ""min_amount"": 100000000.0, ""slippage"": 0.01, ""strategy"": ""A"", ""b_top"": 200, ""mom_lb"": 252, ""mom_skip"": 21, ""stop_loss"": 0.0, ""timing"": ""none"", ""ma"": 60, ""band"": 0.01, ""note"": """", ""extra"": {}}",0.1716,-0.4835,0.781,0.2481,2561,"{'2016': 0.481, '2017': 0.145, '2018': 0.281, '2019': 0.387, '2020': 0.476, '2021': 0.8, '2022': -0.164, '2023': 0.048, '2024': -0.235, '2025': 0.075, '2026': -0.095}",4.61
2026-09-25 07:00:42,"{""name"": ""G2 dual sl0.0 lb126"", ""dual_lookback"": 126, ""assets"": [""small_value"", ""kospi200"", ""bond""]}",0.1872,-0.521,0.78,0.2744,2561,"{'2016': 0.092, '2017': 0.15, '2018': 0.138, '2019': 0.12, '2020': 0.192, '2021': 0.685, '2022': -0.206, '2023': -0.183, '2024': -0.103, '2025': 0.714, '2026': 0.872}",24,"{'small_value': 0.45, 'kospi200': 0.31, 'bond': 0.24}"
2026-09-25 07:00:50,"{""name"": ""G2 base sl0.0"", ""start"": ""2016-04-15"", ""end"": ""2026-09-24"", ""rebalance"": ""quarterly"", ""small_q"": 0.1, ""top_n"": 20, ""value"": ""per_pbr"", ""quality_q"": 0.5, ""min_amount"": 100000000.0, ""slippage"": 0.01, ""strategy"": ""A"", ""b_top"": 200, ""mom_lb"": 252, ""mom_skip"": 21, ""stop_loss"": 0.0, ""timing"": ""none"", ""ma"": 60, ""band"": 0.01, ""note"": """", ""extra"": {}}",0.1716,-0.4835,0.781,0.2481,2561,"{'2016': 0.481, '2017': 0.145, '2018': 0.281, '2019': 0.387, '2020': 0.476, '2021': 0.8, '2022': -0.164, '2023': 0.048, '2024': -0.235, '2025': 0.075, '2026': -0.095}",4.61
2026-09-25 07:00:51,"{""name"": ""G2 dual sl0.0 lb126"", ""dual_lookback"": 126, ""assets"": [""small_value"", ""kospi200"", ""bond""]}",0.1872,-0.521,0.78,0.2744,2561,"{'2016': 0.092, '2017': 0.15, '2018': 0.138, '2019': 0.12, '2020': 0.192, '2021': 0.685, '2022': -0.206, '2023': -0.183, '2024': -0.103, '2025': 0.714, '2026': 0.872}",24,"{'small_value': 0.45, 'kospi200': 0.31, 'bond': 0.24}"
2026-09-25 07:00:51,"{""name"": ""G2 vt0.2 sl0.0 lb126"", ""vol_target"": 0.2, ""window"": 60}",0.1268,-0.4725,0.742,0.1897,2561,"{'2016': 0.07, '2017': 0.154, '2018': 0.171, '2019': 0.116, '2020': 0.092, '2021': 0.484, '2022': -0.212, '2023': -0.181, '2024': -0.105, '2025': 0.665, '2026': 0.385}",0.86
2026-09-25 07:00:59,"{""name"": ""G2 base sl0.0"", ""start"": ""2016-04-15"", ""end"": ""2026-09-24"", ""rebalance"": ""quarterly"", ""small_q"": 0.1, ""top_n"": 20, ""value"": ""per_pbr"", ""quality_q"": 0.5, ""min_amount"": 100000000.0, ""slippage"": 0.01, ""strategy"": ""A"", ""b_top"": 200, ""mom_lb"": 252, ""mom_skip"": 21, ""stop_loss"": 0.0, ""timing"": ""none"", ""ma"": 60, ""band"": 0.01, ""note"": """", ""extra"": {}}",0.1716,-0.4835,0.781,0.2481,2561,"{'2016': 0.481, '2017': 0.145, '2018': 0.281, '2019': 0.387, '2020': 0.476, '2021': 0.8, '2022': -0.164, '2023': 0.048, '2024': -0.235, '2025': 0.075, '2026': -0.095}",4.61
2026-09-25 07:01:00,"{""name"": ""G2 dual sl0.0 lb252"", ""dual_lookback"": 252, ""assets"": [""small_value"", ""kospi200"", ""bond""]}",0.1642,-0.5259,0.702,0.2773,2561,"{'2016': 0.009, '2017': 0.019, '2018': 0.124, '2019': 0.244, '2020': 0.192, '2021': 0.8, '2022': -0.317, '2023': -0.098, '2024': -0.077, '2025': 0.488, '2026': 0.872}",16,"{'small_value': 0.47, 'kospi200': 0.28, 'bond': 0.25}"
2026-09-25 07:01:07,"{""name"": ""G2 base sl0.0"", ""start"": ""2016-04-15"", ""end"": ""2026-09-24"", ""rebalance"": ""quarterly"", ""small_q"": 0.1, ""top_n"": 20, ""value"": ""per_pbr"", ""quality_q"": 0.5, ""min_amount"": 100000000.0, ""slippage"": 0.01, ""strategy"": ""A"", ""b_top"": 200, ""mom_lb"": 252, ""mom_skip"": 21, ""stop_loss"": 0.0, ""timing"": ""none"", ""ma"": 60, ""band"": 0.01, ""note"": """", ""extra"": {}}",0.1716,-0.4835,0.781,0.2481,2561,"{'2016': 0.481, '2017': 0.145, '2018': 0.281, '2019': 0.387, '2020': 0.476, '2021': 0.8, '2022': -0.164, '2023': 0.048, '2024': -0.235, '2025': 0.075, '2026': -0.095}",4.61
2026-09-25 07:01:07,"{""name"": ""G2 dual sl0.0 lb252"", ""dual_lookback"": 252, ""assets"": [""small_value"", ""kospi200"", ""bond""]}",0.1642,-0.5259,0.702,0.2773,2561,"{'2016': 0.009, '2017': 0.019, '2018': 0.124, '2019': 0.244, '2020': 0.192, '2021': 0.8, '2022': -0.317, '2023': -0.098, '2024': -0.077, '2025': 0.488, '2026': 0.872}",16,"{'small_value': 0.47, 'kospi200': 0.28, 'bond': 0.25}"
2026-09-25 07:01:07,"{""name"": ""G2 vt0.2 sl0.0 lb252"", ""vol_target"": 0.2, ""window"": 60}",0.0957,-0.5053,0.59,0.1902,2561,"{'2016': 0.009, '2017': 0.019, '2018': 0.143, '2019': 0.151, '2020': 0.092, '2021': 0.548, '2022': -0.32, '2023': -0.098, '2024': -0.075, '2025': 0.446, '2026': 0.385}",0.86
2026-09-25 07:01:15,"{""name"": ""G2 base sl0.1"", ""start"": ""2016-04-15"", ""end"": ""2026-09-24"", ""rebalance"": ""quarterly"", ""small_q"": 0.1, ""top_n"": 20, ""value"": ""per_pbr"", ""quality_q"": 0.5, ""min_amount"": 100000000.0, ""slippage"": 0.01, ""strategy"": ""A"", ""b_top"": 200, ""mom_lb"": 252, ""mom_skip"": 21, ""stop_loss"": 0.1, ""timing"": ""none"", ""ma"": 60, ""band"": 0.01, ""note"": """", ""extra"": {}}",-0.0434,-0.667,-0.263,0.1372,2561,"{'2016': 0.133, '2017': 0.142, '2018': 0.112, '2019': -0.049, '2020': 0.132, '2021': 0.016, '2022': -0.122, '2023': -0.172, '2024': -0.285, '2025': -0.084, '2026': -0.159}",7.48
2026-09-25 07:01:16,"{""name"": ""G2 dual sl0.1 lb126"", ""dual_lookback"": 126, ""assets"": [""small_value"", ""kospi200"", ""bond""]}",0.103,-0.5026,0.548,0.2328,2561,"{'2016': -0.036, '2017': 0.145, '2018': 0.102, '2019': -0.041, '2020': 0.029, '2021': -0.06, '2022': -0.15, '2023': -0.024, '2024': -0.073, '2025': 0.714, '2026': 0.872}",27,"{'small_value': 0.22, 'kospi200': 0.44, 'bond': 0.35}"
2026-09-25 07:01:23,"{""name"": ""G2 base sl0.1"", ""start"": ""2016-04-15"", ""end"": ""2026-09-24"", ""rebalance"": ""quarterly"", ""small_q"": 0.1, ""top_n"": 20, ""value"": ""per_pbr"", ""quality_q"": 0.5, ""min_amount"": 100000000.0, ""slippage"": 0.01, ""strategy"": ""A"", ""b_top"": 200, ""mom_lb"": 252, ""mom_skip"": 21, ""stop_loss"": 0.1, ""timing"": ""none"", ""ma"": 60, ""band"": 0.01, ""note"": """", ""extra"": {}}",-0.0434,-0.667,-0.263,0.1372,2561,"{'2016': 0.133, '2017': 0.142, '2018': 0.112, '2019': -0.049, '2020': 0.132, '2021': 0.016, '2022': -0.122, '2023': -0.172, '2024': -0.285, '2025': -0.084, '2026': -0.159}",7.48
2026-09-25 07:01:24,"{""name"": ""G2 dual sl0.1 lb126"", ""dual_lookback"": 126, ""assets"": [""small_value"", ""kospi200"", ""bond""]}",0.103,-0.5026,0.548,0.2328,2561,"{'2016': -0.036, '2017': 0.145, '2018': 0.102, '2019': -0.041, '2020': 0.029, '2021': -0.06, '2022': -0.15, '2023': -0.024, '2024': -0.073, '2025': 0.714, '2026': 0.872}",27,"{'small_value': 0.22, 'kospi200': 0.44, 'bond': 0.35}"
2026-09-25 07:01:24,"{""name"": ""G2 vt0.2 sl0.1 lb126"", ""vol_target"": 0.2, ""window"": 60}",0.0655,-0.4962,0.505,0.1517,2561,"{'2016': -0.036, '2017': 0.145, '2018': 0.115, '2019': -0.041, '2020': -0.003, '2021': -0.068, '2022': -0.15, '2023': -0.024, '2024': -0.076, '2025': 0.665, '2026': 0.385}",0.93
2026-09-25 07:01:33,"{""name"": ""G2 base sl0.1"", ""start"": ""2016-04-15"", ""end"": ""2026-09-24"", ""rebalance"": ""quarterly"", ""small_q"": 0.1, ""top_n"": 20, ""value"": ""per_pbr"", ""quality_q"": 0.5, ""min_amount"": 100000000.0, ""slippage"": 0.01, ""strategy"": ""A"", ""b_top"": 200, ""mom_lb"": 252, ""mom_skip"": 21, ""stop_loss"": 0.1, ""timing"": ""none"", ""ma"": 60, ""band"": 0.01, ""note"": """", ""extra"": {}}",-0.0434,-0.667,-0.263,0.1372,2561,"{'2016': 0.133, '2017': 0.142, '2018': 0.112, '2019': -0.049, '2020': 0.132, '2021': 0.016, '2022': -0.122, '2023': -0.172, '2024': -0.285, '2025': -0.084, '2026': -0.159}",7.48
2026-09-25 07:01:34,"{""name"": ""G2 dual sl0.1 lb252"", ""dual_lookback"": 252, ""assets"": [""small_value"", ""kospi200"", ""bond""]}",0.1265,-0.4081,0.651,0.2275,2561,"{'2016': 0.009, '2017': 0.149, '2018': -0.025, '2019': 0.032, '2020': 0.207, '2021': 0.03, '2022': -0.079, '2023': 0.01, '2024': -0.077, '2025': 0.488, '2026': 0.872}",14,"{'small_value': 0.14, 'kospi200': 0.52, 'bond': 0.35}"
2026-09-25 07:01:41,"{""name"": ""G2 base sl0.1"", ""start"": ""2016-04-15"", ""end"": ""2026-09-24"", ""rebalance"": ""quarterly"", ""small_q"": 0.1, ""top_n"": 20, ""value"": ""per_pbr"", ""quality_q"": 0.5, ""min_amount"": 100000000.0, ""slippage"": 0.01, ""strategy"": ""A"", ""b_top"": 200, ""mom_lb"": 252, ""mom_skip"": 21, ""stop_loss"": 0.1, ""timing"": ""none"", ""ma"": 60, ""band"": 0.01, ""note"": """", ""extra"": {}}",-0.0434,-0.667,-0.263,0.1372,2561,"{'2016': 0.133, '2017': 0.142, '2018': 0.112, '2019': -0.049, '2020': 0.132, '2021': 0.016, '2022': -0.122, '2023': -0.172, '2024': -0.285, '2025': -0.084, '2026': -0.159}",7.48
2026-09-25 07:01:42,"{""name"": ""G2 dual sl0.1 lb252"", ""dual_lookback"": 252, ""assets"": [""small_value"", ""kospi200"", ""bond""]}",0.1265,-0.4081,0.651,0.2275,2561,"{'2016': 0.009, '2017': 0.149, '2018': -0.025, '2019': 0.032, '2020': 0.207, '2021': 0.03, '2022': -0.079, '2023': 0.01, '2024': -0.077, '2025': 0.488, '2026': 0.872}",14,"{'small_value': 0.14, 'kospi200': 0.52, 'bond': 0.35}"
2026-09-25 07:01:42,"{""name"": ""G2 vt0.2 sl0.1 lb252"", ""vol_target"": 0.2, ""window"": 60}",0.0898,-0.2832,0.665,0.1499,2561,"{'2016': 0.009, '2017': 0.149, '2018': -0.012, '2019': 0.032, '2020': 0.184, '2021': 0.019, '2022': -0.079, '2023': 0.01, '2024': -0.075, '2025': 0.446, '2026': 0.385}",0.94
2026-09-25 07:01:53,"{""name"": ""G2 base sl0.2"", ""start"": ""2016-04-15"", ""end"": ""2026-09-24"", ""rebalance"": ""quarterly"", ""small_q"": 0.1, ""top_n"": 20, ""value"": ""per_pbr"", ""quality_q"": 0.5, ""min_amount"": 100000000.0, ""slippage"": 0.01, ""strategy"": ""A"", ""b_top"": 200, ""mom_lb"": 252, ""mom_skip"": 21, ""stop_loss"": 0.2, ""timing"": ""none"", ""ma"": 60, ""band"": 0.01, ""note"": """", ""extra"": {}}",0.0588,-0.591,0.395,0.1991,2561,"{'2016': 0.241, '2017': 0.109, '2018': 0.121, '2019': 0.172, '2020': 0.415, '2021': 0.37, '2022': -0.119, '2023': -0.03, '2024': -0.286, '2025': 0.038, '2026': -0.182}",5.72
2026-09-25 07:01:54,"{""name"": ""G2 dual sl0.2 lb126"", ""dual_lookback"": 126, ""assets"": [""small_value"", ""kospi200"", ""bond""]}",0.0792,-0.5868,0.437,0.2505,2561,"{'2016': -0.052, '2017': 0.111, '2018': -0.034, '2019': -0.019, '2020': -0.035, '2021': 0.166, '2022': -0.317, '2023': -0.03, '2024': -0.073, '2025': 0.714, '2026': 0.872}",30,"{'small_value': 0.31, 'kospi200': 0.36, 'bond': 0.32}"
2026-09-25 07:02:05,"{""name"": ""G2 base sl0.2"", ""start"": ""2016-04-15"", ""end"": ""2026-09-24"", ""rebalance"": ""quarterly"", ""small_q"": 0.1, ""top_n"": 20, ""value"": ""per_pbr"", ""quality_q"": 0.5, ""min_amount"": 100000000.0, ""slippage"": 0.01, ""strategy"": ""A"", ""b_top"": 200, ""mom_lb"": 252, ""mom_skip"": 21, ""stop_loss"": 0.2, ""timing"": ""none"", ""ma"": 60, ""band"": 0.01, ""note"": """", ""extra"": {}}",0.0588,-0.591,0.395,0.1991,2561,"{'2016': 0.241, '2017': 0.109, '2018': 0.121, '2019': 0.172, '2020': 0.415, '2021': 0.37, '2022': -0.119, '2023': -0.03, '2024': -0.286, '2025': 0.038, '2026': -0.182}",5.72
2026-09-25 07:02:06,"{""name"": ""G2 dual sl0.2 lb126"", ""dual_lookback"": 126, ""assets"": [""small_value"", ""kospi200"", ""bond""]}",0.0792,-0.5868,0.437,0.2505,2561,"{'2016': -0.052, '2017': 0.111, '2018': -0.034, '2019': -0.019, '2020': -0.035, '2021': 0.166, '2022': -0.317, '2023': -0.03, '2024': -0.073, '2025': 0.714, '2026': 0.872}",30,"{'small_value': 0.31, 'kospi200': 0.36, 'bond': 0.32}"
2026-09-25 07:02:06,"{""name"": ""G2 vt0.2 sl0.2 lb126"", ""vol_target"": 0.2, ""window"": 60}",0.0363,-0.5998,0.299,0.1726,2561,"{'2016': -0.052, '2017': 0.11, '2018': -0.006, '2019': -0.02, '2020': -0.112, '2021': 0.126, '2022': -0.315, '2023': -0.03, '2024': -0.076, '2025': 0.665, '2026': 0.385}",0.91
2026-09-25 07:02:18,"{""name"": ""G2 base sl0.2"", ""start"": ""2016-04-15"", ""end"": ""2026-09-24"", ""rebalance"": ""quarterly"", ""small_q"": 0.1, ""top_n"": 20, ""value"": ""per_pbr"", ""quality_q"": 0.5, ""min_amount"": 100000000.0, ""slippage"": 0.01, ""strategy"": ""A"", ""b_top"": 200, ""mom_lb"": 252, ""mom_skip"": 21, ""stop_loss"": 0.2, ""timing"": ""none"", ""ma"": 60, ""band"": 0.01, ""note"": """", ""extra"": {}}",0.0588,-0.591,0.395,0.1991,2561,"{'2016': 0.241, '2017': 0.109, '2018': 0.121, '2019': 0.172, '2020': 0.415, '2021': 0.37, '2022': -0.119, '2023': -0.03, '2024': -0.286, '2025': 0.038, '2026': -0.182}",5.72
2026-09-25 07:02:19,"{""name"": ""G2 dual sl0.2 lb252"", ""dual_lookback"": 252, ""assets"": [""small_value"", ""kospi200"", ""bond""]}",0.1211,-0.4081,0.602,0.2441,2561,"{'2016': 0.009, '2017': 0.018, '2018': -0.067, '2019': 0.05, '2020': 0.176, '2021': 0.199, '2022': -0.105, '2023': 0.01, '2024': -0.077, '2025': 0.488, '2026': 0.872}",22,"{'small_value': 0.34, 'kospi200': 0.34, 'bond': 0.32}"
2026-09-25 07:02:31,"{""name"": ""G2 base sl0.2"", ""start"": ""2016-04-15"", ""end"": ""2026-09-24"", ""rebalance"": ""quarterly"", ""small_q"": 0.1, ""top_n"": 20, ""value"": ""per_pbr"", ""quality_q"": 0.5, ""min_amount"": 100000000.0, ""slippage"": 0.01, ""strategy"": ""A"", ""b_top"": 200, ""mom_lb"": 252, ""mom_skip"": 21, ""stop_loss"": 0.2, ""timing"": ""none"", ""ma"": 60, ""band"": 0.01, ""note"": """", ""extra"": {}}",0.0588,-0.591,0.395,0.1991,2561,"{'2016': 0.241, '2017': 0.109, '2018': 0.121, '2019': 0.172, '2020': 0.415, '2021': 0.37, '2022': -0.119, '2023': -0.03, '2024': -0.286, '2025': 0.038, '2026': -0.182}",5.72
2026-09-25 07:02:32,"{""name"": ""G2 dual sl0.2 lb252"", ""dual_lookback"": 252, ""assets"": [""small_value"", ""kospi200"", ""bond""]}",0.1211,-0.4081,0.602,0.2441,2561,"{'2016': 0.009, '2017': 0.018, '2018': -0.067, '2019': 0.05, '2020': 0.176, '2021': 0.199, '2022': -0.105, '2023': 0.01, '2024': -0.077, '2025': 0.488, '2026': 0.872}",22,"{'small_value': 0.34, 'kospi200': 0.34, 'bond': 0.32}"
2026-09-25 07:02:32,"{""name"": ""G2 vt0.2 sl0.2 lb252"", ""vol_target"": 0.2, ""window"": 60}",0.0761,-0.3617,0.531,0.1686,2561,"{'2016': 0.009, '2017': 0.018, '2018': -0.049, '2019': 0.035, '2020': 0.112, '2021': 0.167, '2022': -0.123, '2023': 0.01, '2024': -0.075, '2025': 0.446, '2026': 0.385}",0.92
2026-09-25 07:12:30,"{""name"": ""F5 value_pbr"", ""start"": ""2016-04-15"", ""end"": ""2026-09-24"", ""rebalance"": ""quarterly"", ""small_q"": 0.2, ""top_n"": 0, ""value"": ""per_pbr"", ""quality_q"": 0.0, ""min_amount"": 100000000.0, ""slippage"": 0.005, ""strategy"": ""factor"", ""factor"": ""value_pbr"", ""universe"": ""all"", ""b_top"": 200, ""mom_lb"": 252, ""mom_skip"": 21, ""stop_loss"": 0.0, ""timing"": ""none"", ""ma"": 60, ""band"": 0.01, ""note"": ""팩터 전수(5분위)"", ""extra"": {}}",0.0663,-0.5448,0.438,0.1943,2561,"{'2016': 0.054, '2017': -0.006, '2018': -0.033, '2019': 0.024, '2020': 0.289, '2021': 0.363, '2022': -0.149, '2023': 0.078, '2024': -0.115, '2025': 0.296, '2026': 0.019}",2.03
2026-09-25 07:12:39,"{""name"": ""F5 value_per"", ""start"": ""2016-04-15"", ""end"": ""2026-09-24"", ""rebalance"": ""quarterly"", ""small_q"": 0.2, ""top_n"": 0, ""value"": ""per_pbr"", ""quality_q"": 0.0, ""min_amount"": 100000000.0, ""slippage"": 0.005, ""strategy"": ""factor"", ""factor"": ""value_per"", ""universe"": ""all"", ""b_top"": 200, ""mom_lb"": 252, ""mom_skip"": 21, ""stop_loss"": 0.0, ""timing"": ""none"", ""ma"": 60, ""band"": 0.01, ""note"": ""팩터 전수(5분위)"", ""extra"": {}}",0.053,-0.5052,0.368,0.1971,2561,"{'2016': 0.057, '2017': -0.022, '2018': -0.118, '2019': 0.1, '2020': 0.285, '2021': 0.24, '2022': -0.188, '2023': 0.113, '2024': -0.124, '2025': 0.32, '2026': 0.027}",2.35
2026-09-25 07:12:49,"{""name"": ""F5 value_psr"", ""start"": ""2016-04-15"", ""end"": ""2026-09-24"", ""rebalance"": ""quarterly"", ""small_q"": 0.2, ""top_n"": 0, ""value"": ""per_pbr"", ""quality_q"": 0.0, ""min_amount"": 100000000.0, ""slippage"": 0.005, ""strategy"": ""factor"", ""factor"": ""value_psr"", ""universe"": ""all"", ""b_top"": 200, ""mom_lb"": 252, ""mom_skip"": 21, ""stop_loss"": 0.0, ""timing"": ""none"", ""ma"": 60, ""band"": 0.01, ""note"": ""팩터 전수(5분위)"", ""extra"": {}}",0.0597,-0.5447,0.393,0.2066,2561,"{'2016': 0.035, '2017': -0.035, '2018': -0.056, '2019': 0.072, '2020': 0.308, '2021': 0.362, '2022': -0.146, '2023': 0.124, '2024': -0.137, '2025': 0.262, '2026': -0.027}",1.73
2026-09-25 07:12:57,"{""name"": ""F5 value_combo"", ""start"": ""2016-04-15"", ""end"": ""2026-09-24"", ""rebalance"": ""quarterly"", ""small_q"": 0.2, ""top_n"": 0, ""value"": ""per_pbr"", ""quality_q"": 0.0, ""min_amount"": 100000000.0, ""slippage"": 0.005, ""strategy"": ""factor"", ""factor"": ""value_combo"", ""universe"": ""all"", ""b_top"": 200, ""mom_lb"": 252, ""mom_skip"": 21, ""stop_loss"": 0.0, ""timing"": ""none"", ""ma"": 60, ""band"": 0.01, ""note"": ""팩터 전수(5분위)"", ""extra"": {}}",0.0687,-0.5346,0.444,0.1988,2561,"{'2016': 0.039, '2017': -0.026, '2018': -0.063, '2019': 0.048, '2020': 0.289, '2021': 0.306, '2022': -0.121, '2023': 0.094, '2024': -0.11, '2025': 0.331, '2026': 0.051}",2.19
2026-09-25 07:13:06,"{""name"": ""F5 quality_opa"", ""start"": ""2016-04-15"", ""end"": ""2026-09-24"", ""rebalance"": ""quarterly"", ""small_q"": 0.2, ""top_n"": 0, ""value"": ""per_pbr"", ""quality_q"": 0.0, ""min_amount"": 100000000.0, ""slippage"": 0.005, ""strategy"": ""factor"", ""factor"": ""quality_opa"", ""universe"": ""all"", ""b_top"": 200, ""mom_lb"": 252, ""mom_skip"": 21, ""stop_loss"": 0.0, ""timing"": ""none"", ""ma"": 60, ""band"": 0.01, ""note"": ""팩터 전수(5분위)"", ""extra"": {}}",0.0306,-0.4826,0.253,0.2113,2561,"{'2016': -0.033, '2017': 0.065, '2018': -0.189, '2019': 0.163, '2020': 0.307, '2021': 0.131, '2022': -0.277, '2023': 0.147, '2024': -0.091, '2025': 0.245, '2026': 0.016}",1.45
2026-09-25 07:13:18,"{""name"": ""F5 quality_roe"", ""start"": ""2016-04-15"", ""end"": ""2026-09-24"", ""rebalance"": ""quarterly"", ""small_q"": 0.2, ""top_n"": 0, ""value"": ""per_pbr"", ""quality_q"": 0.0, ""min_amount"": 100000000.0, ""slippage"": 0.005, ""strategy"": ""factor"", ""factor"": ""quality_roe"", ""universe"": ""all"", ""b_top"": 200, ""mom_lb"": 252, ""mom_skip"": 21, ""stop_loss"": 0.0, ""timing"": ""none"", ""ma"": 60, ""band"": 0.01, ""note"": ""팩터 전수(5분위)"", ""extra"": {}}",0.0266,-0.488,0.234,0.212,2561,"{'2016': -0.022, '2017': 0.029, '2018': -0.162, '2019': 0.12, '2020': 0.318, '2021': 0.113, '2022': -0.291, '2023': 0.173, '2024': -0.124, '2025': 0.28, '2026': 0.018}",1.68
2026-09-25 07:13:29,"{""name"": ""F5 magic_formula"", ""start"": ""2016-04-15"", ""end"": ""2026-09-24"", ""rebalance"": ""quarterly"", ""small_q"": 0.2, ""top_n"": 0, ""value"": ""per_pbr"", ""quality_q"": 0.0, ""min_amount"": 100000000.0, ""slippage"": 0.005, ""strategy"": ""factor"", ""factor"": ""magic_formula"", ""universe"": ""all"", ""b_top"": 200, ""mom_lb"": 252, ""mom_skip"": 21, ""stop_loss"": 0.0, ""timing"": ""none"", ""ma"": 60, ""band"": 0.01, ""note"": ""팩터 전수(5분위)"", ""extra"": {}}",0.0431,-0.4988,0.318,0.1992,2561,"{'2016': 0.021, '2017': 0.054, '2018': -0.166, '2019': 0.142, '2020': 0.291, '2021': 0.19, '2022': -0.241, '2023': 0.124, '2024': -0.09, '2025': 0.258, '2026': 0.01}",1.84
2026-09-25 07:13:38,"{""name"": ""F5 value_quality"", ""start"": ""2016-04-15"", ""end"": ""2026-09-24"", ""rebalance"": ""quarterly"", ""small_q"": 0.2, ""top_n"": 0, ""value"": ""per_pbr"", ""quality_q"": 0.0, ""min_amount"": 100000000.0, ""slippage"": 0.005, ""strategy"": ""factor"", ""factor"": ""value_quality"", ""universe"": ""all"", ""b_top"": 200, ""mom_lb"": 252, ""mom_skip"": 21, ""stop_loss"": 0.0, ""timing"": ""none"", ""ma"": 60, ""band"": 0.01, ""note"": ""팩터 전수(5분위)"", ""extra"": {}}",0.0526,-0.5149,0.366,0.1975,2561,"{'2016': 0.05, '2017': 0.007, '2018': -0.124, '2019': 0.11, '2020': 0.277, '2021': 0.229, '2022': -0.205, '2023': 0.105, '2024': -0.111, '2025': 0.293, '2026': 0.049}",2.19
2026-09-25 07:13:48,"{""name"": ""F5 momentum_12_1"", ""start"": ""2016-04-15"", ""end"": ""2026-09-24"", ""rebalance"": ""quarterly"", ""small_q"": 0.2, ""top_n"": 0, ""value"": ""per_pbr"", ""quality_q"": 0.0, ""min_amount"": 100000000.0, ""slippage"": 0.005, ""strategy"": ""factor"", ""factor"": ""momentum_12_1"", ""universe"": ""all"", ""b_top"": 200, ""mom_lb"": 252, ""mom_skip"": 21, ""stop_loss"": 0.0, ""timing"": ""none"", ""ma"": 60, ""band"": 0.01, ""note"": ""팩터 전수(5분위)"", ""extra"": {}}",-0.0084,-0.5634,0.094,0.2543,2561,"{'2016': -0.047, '2017': -0.027, '2018': -0.183, '2019': 0.028, '2020': 0.331, '2021': 0.021, '2022': -0.293, '2023': 0.055, '2024': -0.106, '2025': 0.258, '2026': 0.03}",3.56
2026-09-25 07:13:57,"{""name"": ""F5 high_52w"", ""start"": ""2016-04-15"", ""end"": ""2026-09-24"", ""rebalance"": ""quarterly"", ""small_q"": 0.2, ""top_n"": 0, ""value"": ""per_pbr"", ""quality_q"": 0.0, ""min_amount"": 100000000.0, ""slippage"": 0.005, ""strategy"": ""factor"", ""factor"": ""high_52w"", ""universe"": ""all"", ""b_top"": 200, ""mom_lb"": 252, ""mom_skip"": 21, ""stop_loss"": 0.0, ""timing"": ""none"", ""ma"": 60, ""band"": 0.01, ""note"": ""팩터 전수(5분위)"", ""extra"": {}}",0.0508,-0.5667,0.31,0.2681,2561,"{'2016': 0.077, '2017': 0.07, '2018': -0.179, '2019': 0.008, '2020': 0.249, '2021': 0.26, '2022': -0.246, '2023': 0.042, '2024': -0.09, '2025': 0.215, '2026': 0.285}",4.53
2026-09-25 07:14:08,"{""name"": ""F5 low_vol"", ""start"": ""2016-04-15"", ""end"": ""2026-09-24"", ""rebalance"": ""quarterly"", ""small_q"": 0.2, ""top_n"": 0, ""value"": ""per_pbr"", ""quality_q"": 0.0, ""min_amount"": 100000000.0, ""slippage"": 0.005, ""strategy"": ""factor"", ""factor"": ""low_vol"", ""universe"": ""all"", ""b_top"": 200, ""mom_lb"": 252, ""mom_skip"": 21, ""stop_loss"": 0.0, ""timing"": ""none"", ""ma"": 60, ""band"": 0.01, ""note"": ""팩터 전수(5분위)"", ""extra"": {}}",0.0398,-0.4898,0.334,0.1577,2561,"{'2016': 0.017, '2017': 0.048, '2018': -0.061, '2019': 0.04, '2020': 0.133, '2021': 0.26, '2022': -0.142, '2023': 0.064, '2024': -0.072, '2025': 0.216, '2026': -0.017}",2.26
2026-09-25 07:14:23,"{""name"": ""F5 reversal_1m"", ""start"": ""2016-04-15"", ""end"": ""2026-09-24"", ""rebalance"": ""monthly"", ""small_q"": 0.2, ""top_n"": 0, ""value"": ""per_pbr"", ""quality_q"": 0.0, ""min_amount"": 100000000.0, ""slippage"": 0.005, ""strategy"": ""factor"", ""factor"": ""reversal_1m"", ""universe"": ""all"", ""b_top"": 200, ""mom_lb"": 252, ""mom_skip"": 21, ""stop_loss"": 0.0, ""timing"": ""none"", ""ma"": 60, ""band"": 0.01, ""note"": ""팩터 전수(5분위)"", ""extra"": {}}",-0.0899,-0.7087,-0.285,0.2385,2561,"{'2016': -0.079, '2017': -0.061, '2018': -0.116, '2019': -0.051, '2020': 0.17, '2021': -0.041, '2022': -0.297, '2023': 0.016, '2024': -0.212, '2025': 0.009, '2026': -0.192}",17.63
2026-09-25 07:14:38,"{""name"": ""F5 low_max"", ""start"": ""2016-04-15"", ""end"": ""2026-09-24"", ""rebalance"": ""monthly"", ""small_q"": 0.2, ""top_n"": 0, ""value"": ""per_pbr"", ""quality_q"": 0.0, ""min_amount"": 100000000.0, ""slippage"": 0.005, ""strategy"": ""factor"", ""factor"": ""low_max"", ""universe"": ""all"", ""b_top"": 200, ""mom_lb"": 252, ""mom_skip"": 21, ""stop_loss"": 0.0, ""timing"": ""none"", ""ma"": 60, ""band"": 0.01, ""note"": ""팩터 전수(5분위)"", ""extra"": {}}",-0.0314,-0.5485,-0.097,0.1762,2561,"{'2016': -0.045, '2017': -0.057, '2018': -0.124, '2019': 0.006, '2020': 0.12, '2021': 0.17, '2022': -0.253, '2023': 0.015, '2024': -0.156, '2025': 0.173, '2026': -0.081}",14.68
2026-09-25 07:14:49,"{""name"": ""F5 asset_growth"", ""start"": ""2016-04-15"", ""end"": ""2026-09-24"", ""rebalance"": ""quarterly"", ""small_q"": 0.2, ""top_n"": 0, ""value"": ""per_pbr"", ""quality_q"": 0.0, ""min_amount"": 100000000.0, ""slippage"": 0.005, ""strategy"": ""factor"", ""factor"": ""asset_growth"", ""universe"": ""all"", ""b_top"": 200, ""mom_lb"": 252, ""mom_skip"": 21, ""stop_loss"": 0.0, ""timing"": ""none"", ""ma"": 60, ""band"": 0.01, ""note"": ""팩터 전수(5분위)"", ""extra"": {}}",0.0186,-0.615,0.202,0.31,2561,"{'2016': 0.0, '2017': -0.06, '2018': -0.126, '2019': 0.221, '2020': 0.675, '2021': 0.073, '2022': -0.169, '2023': -0.042, '2024': -0.137, '2025': 0.064, '2026': -0.079}",3.47
2026-09-25 07:15:00,"{""name"": ""F5 earn_growth"", ""start"": ""2016-04-15"", ""end"": ""2026-09-24"", ""rebalance"": ""quarterly"", ""small_q"": 0.2, ""top_n"": 0, ""value"": ""per_pbr"", ""quality_q"": 0.0, ""min_amount"": 100000000.0, ""slippage"": 0.005, ""strategy"": ""factor"", ""factor"": ""earn_growth"", ""universe"": ""all"", ""b_top"": 200, ""mom_lb"": 252, ""mom_skip"": 21, ""stop_loss"": 0.0, ""timing"": ""none"", ""ma"": 60, ""band"": 0.01, ""note"": ""팩터 전수(5분위)"", ""extra"": {}}",-0.0179,-0.6262,0.049,0.2472,2561,"{'2016': 0.0, '2017': -0.115, '2018': -0.095, '2019': -0.032, '2020': 0.325, '2021': 0.25, '2022': -0.193, '2023': 0.013, '2024': -0.143, '2025': 0.146, '2026': -0.197}",4.11
2026-09-25 07:15:10,"{""name"": ""F5 illiquidity"", ""start"": ""2016-04-15"", ""end"": ""2026-09-24"", ""rebalance"": ""quarterly"", ""small_q"": 0.2, ""top_n"": 0, ""value"": ""per_pbr"", ""quality_q"": 0.0, ""min_amount"": 100000000.0, ""slippage"": 0.005, ""strategy"": ""factor"", ""factor"": ""illiquidity"", ""universe"": ""all"", ""b_top"": 200, ""mom_lb"": 252, ""mom_skip"": 21, ""stop_loss"": 0.0, ""timing"": ""none"", ""ma"": 60, ""band"": 0.01, ""note"": ""팩터 전수(5분위)"", ""extra"": {}}",0.0362,-0.5016,0.302,0.1679,2561,"{'2016': -0.023, '2017': 0.017, '2018': -0.125, '2019': 0.041, '2020': 0.203, '2021': 0.342, '2022': -0.172, '2023': 0.104, '2024': -0.095, '2025': 0.264, '2026': -0.051}",4.37
2026-09-25 07:15:27,"{""name"": ""F5 value_momentum"", ""start"": ""2016-04-15"", ""end"": ""2026-09-24"", ""rebalance"": ""quarterly"", ""small_q"": 0.2, ""top_n"": 0, ""value"": ""per_pbr"", ""quality_q"": 0.0, ""min_amount"": 100000000.0, ""slippage"": 0.005, ""strategy"": ""factor"", ""factor"": ""value_momentum"", ""universe"": ""all"", ""b_top"": 200, ""mom_lb"": 252, ""mom_skip"": 21, ""stop_loss"": 0.0, ""timing"": ""none"", ""ma"": 60, ""band"": 0.01, ""note"": ""팩터 전수(5분위)"", ""extra"": {}}",0.0704,-0.5014,0.452,0.1987,2561,"{'2016': 0.063, '2017': -0.015, '2018': -0.086, '2019': 0.045, '2020': 0.311, '2021': 0.245, '2022': -0.126, '2023': 0.08, '2024': -0.093, '2025': 0.338, '2026': 0.088}",2.74
2026-09-25 07:15:46,"{""name"": ""F5 lowvol_value"", ""start"": ""2016-04-15"", ""end"": ""2026-09-24"", ""rebalance"": ""quarterly"", ""small_q"": 0.2, ""top_n"": 0, ""value"": ""per_pbr"", ""quality_q"": 0.0, ""min_amount"": 100000000.0, ""slippage"": 0.005, ""strategy"": ""factor"", ""factor"": ""lowvol_value"", ""universe"": ""all"", ""b_top"": 200, ""mom_lb"": 252, ""mom_skip"": 21, ""stop_loss"": 0.0, ""timing"": ""none"", ""ma"": 60, ""band"": 0.01, ""note"": ""팩터 전수(5분위)"", ""extra"": {}}",0.0737,-0.5247,0.501,0.1774,2561,"{'2016': 0.044, '2017': 0.013, '2018': -0.046, '2019': 0.042, '2020': 0.236, '2021': 0.36, '2022': -0.106, '2023': 0.1, '2024': -0.076, '2025': 0.277, '2026': 0.025}",2.21
2026-09-25 07:15:57,"{""name"": ""F5 qvm"", ""start"": ""2016-04-15"", ""end"": ""2026-09-24"", ""rebalance"": ""quarterly"", ""small_q"": 0.2, ""top_n"": 0, ""value"": ""per_pbr"", ""quality_q"": 0.0, ""min_amount"": 100000000.0, ""slippage"": 0.005, ""strategy"": ""factor"", ""factor"": ""qvm"", ""universe"": ""all"", ""b_top"": 200, ""mom_lb"": 252, ""mom_skip"": 21, ""stop_loss"": 0.0, ""timing"": ""none"", ""ma"": 60, ""band"": 0.01, ""note"": ""팩터 전수(5분위)"", ""extra"": {}}",0.0571,-0.4884,0.386,0.2,2561,"{'2016': 0.069, '2017': -0.001, '2018': -0.128, '2019': 0.092, '2020': 0.276, '2021': 0.198, '2022': -0.187, '2023': 0.104, '2024': -0.077, '2025': 0.311, '2026': 0.057}",2.71
2026-09-25 07:16:44,"{""name"": ""F5S value_pbr"", ""start"": ""2016-04-15"", ""end"": ""2026-09-24"", ""rebalance"": ""quarterly"", ""small_q"": 0.2, ""top_n"": 20, ""value"": ""per_pbr"", ""quality_q"": 0.0, ""min_amount"": 100000000.0, ""slippage"": 0.01, ""strategy"": ""factor"", ""factor"": ""value_pbr"", ""universe"": ""small"", ""b_top"": 200, ""mom_lb"": 252, ""mom_skip"": 21, ""stop_loss"": 0.0, ""timing"": ""none"", ""ma"": 60, ""band"": 0.01, ""note"": ""팩터 전수(소형 20종목)"", ""extra"": {}}",0.0405,-0.5428,0.296,0.2209,2561,"{'2016': 0.112, '2017': -0.07, '2018': -0.065, '2019': 0.101, '2020': 0.383, '2021': 0.691, '2022': -0.172, '2023': 0.021, '2024': -0.092, '2025': -0.079, '2026': -0.141}",3.88
2026-09-25 07:16:55,"{""name"": ""F5S value_per"", ""start"": ""2016-04-15"", ""end"": ""2026-09-24"", ""rebalance"": ""quarterly"", ""small_q"": 0.2, ""top_n"": 20, ""value"": ""per_pbr"", ""quality_q"": 0.0, ""min_amount"": 100000000.0, ""slippage"": 0.01, ""strategy"": ""factor"", ""factor"": ""value_per"", ""universe"": ""small"", ""b_top"": 200, ""mom_lb"": 252, ""mom_skip"": 21, ""stop_loss"": 0.0, ""timing"": ""none"", ""ma"": 60, ""band"": 0.01, ""note"": ""팩터 전수(소형 20종목)"", ""extra"": {}}",0.0783,-0.5422,0.44,0.2444,2561,"{'2016': 0.35, '2017': -0.122, '2018': 0.233, '2019': 0.299, '2020': 0.506, '2021': 0.27, '2022': -0.262, '2023': 0.148, '2024': -0.253, '2025': 0.097, '2026': -0.13}",4.21
2026-09-25 07:17:06,"{""name"": ""F5S value_psr"", ""start"": ""2016-04-15"", ""end"": ""2026-09-24"", ""rebalance"": ""quarterly"", ""small_q"": 0.2, ""top_n"": 20, ""value"": ""per_pbr"", ""quality_q"": 0.0, ""min_amount"": 100000000.0, ""slippage"": 0.01, ""strategy"": ""factor"", ""factor"": ""value_psr"", ""universe"": ""small"", ""b_top"": 200, ""mom_lb"": 252, ""mom_skip"": 21, ""stop_loss"": 0.0, ""timing"": ""none"", ""ma"": 60, ""band"": 0.01, ""note"": ""팩터 전수(소형 20종목)"", ""extra"": {}}",0.0871,-0.5862,0.473,0.2456,2561,"{'2016': 0.107, '2017': -0.105, '2018': -0.088, '2019': 0.126, '2020': 0.495, '2021': 0.945, '2022': -0.084, '2023': 0.302, '2024': -0.218, '2025': 0.034, '2026': -0.161}",3.43
2026-09-25 07:17:15,"{""name"": ""F5S value_combo"", ""start"": ""2016-04-15"", ""end"": ""2026-09-24"", ""rebalance"": ""quarterly"", ""small_q"": 0.2, ""top_n"": 20, ""value"": ""per_pbr"", ""quality_q"": 0.0, ""min_amount"": 100000000.0, ""slippage"": 0.01, ""strategy"": ""factor"", ""factor"": ""value_combo"", ""universe"": ""small"", ""b_top"": 200, ""mom_lb"": 252, ""mom_skip"": 21, ""stop_loss"": 0.0, ""timing"": ""none"", ""ma"": 60, ""band"": 0.01, ""note"": ""팩터 전수(소형 20종목)"", ""extra"": {}}",0.1488,-0.4594,0.692,0.2525,2561,"{'2016': 0.255, '2017': -0.132, '2018': 0.344, '2019': 0.311, '2020': 0.64, '2021': 0.601, '2022': -0.12, '2023': 0.166, '2024': -0.192, '2025': 0.041, '2026': -0.021}",4.31
2026-09-25 07:17:25,"{""name"": ""F5S quality_opa"", ""start"": ""2016-04-15"", ""end"": ""2026-09-24"", ""rebalance"": ""quarterly"", ""small_q"": 0.2, ""top_n"": 20, ""value"": ""per_pbr"", ""quality_q"": 0.0, ""min_amount"": 100000000.0, ""slippage"": 0.01, ""strategy"": ""factor"", ""factor"": ""quality_opa"", ""universe"": ""small"", ""b_top"": 200, ""mom_lb"": 252, ""mom_skip"": 21, ""stop_loss"": 0.0, ""timing"": ""none"", ""ma"": 60, ""band"": 0.01, ""note"": ""팩터 전수(소형 20종목)"", ""extra"": {}}",0.0849,-0.588,0.451,0.2633,2561,"{'2016': 0.366, '2017': 0.021, '2018': 0.174, '2019': 0.551, '2020': 0.283, '2021': 0.263, '2022': -0.33, '2023': 0.11, '2024': -0.226, '2025': 0.094, '2026': -0.096}",3.61
2026-09-25 07:17:36,"{""name"": ""F5S quality_roe"", ""start"": ""2016-04-15"", ""end"": ""2026-09-24"", ""rebalance"": ""quarterly"", ""small_q"": 0.2, ""top_n"": 20, ""value"": ""per_pbr"", ""quality_q"": 0.0, ""min_amount"": 100000000.0, ""slippage"": 0.01, ""strategy"": ""factor"", ""factor"": ""quality_roe"", ""universe"": ""small"", ""b_top"": 200, ""mom_lb"": 252, ""mom_skip"": 21, ""stop_loss"": 0.0, ""timing"": ""none"", ""ma"": 60, ""band"": 0.01, ""note"": ""팩터 전수(소형 20종목)"", ""extra"": {}}",0.0482,-0.6745,0.319,0.2516,2561,"{'2016': 0.27, '2017': -0.14, '2018': 0.267, '2019': 0.408, '2020': 0.441, '2021': 0.345, '2022': -0.374, '2023': 0.073, '2024': -0.312, '2025': 0.108, '2026': -0.156}",3.86
2026-09-25 07:17:47,"{""name"": ""F5S magic_formula"", ""start"": ""2016-04-15"", ""end"": ""2026-09-24"", ""rebalance"": ""quarterly"", ""small_q"": 0.2, ""top_n"": 20, ""value"": ""per_pbr"", ""quality_q"": 0.0, ""min_amount"": 100000000.0, ""slippage"": 0.01, ""strategy"": ""factor"", ""factor"": ""magic_formula"", ""universe"": ""small"", ""b_top"": 200, ""mom_lb"": 252, ""mom_skip"": 21, ""stop_loss"": 0.0, ""timing"": ""none"", ""ma"": 60, ""band"": 0.01, ""note"": ""팩터 전수(소형 20종목)"", ""extra"": {}}",0.0538,-0.5518,0.343,0.2458,2561,"{'2016': 0.271, '2017': -0.08, '2018': 0.087, '2019': 0.399, '2020': 0.281, '2021': 0.329, '2022': -0.248, '2023': 0.039, '2024': -0.275, '2025': 0.154, '2026': -0.127}",3.89
2026-09-25 07:17:57,"{""name"": ""F5S value_quality"", ""start"": ""2016-04-15"", ""end"": ""2026-09-24"", ""rebalance"": ""quarterly"", ""small_q"": 0.2, ""top_n"": 20, ""value"": ""per_pbr"", ""quality_q"": 0.0, ""min_amount"": 100000000.0, ""slippage"": 0.01, ""strategy"": ""factor"", ""factor"": ""value_quality"", ""universe"": ""small"", ""b_top"": 200, ""mom_lb"": 252, ""mom_skip"": 21, ""stop_loss"": 0.0, ""timing"": ""none"", ""ma"": 60, ""band"": 0.01, ""note"": ""팩터 전수(소형 20종목)"", ""extra"": {}}",0.1156,-0.4988,0.574,0.251,2561,"{'2016': 0.257, '2017': -0.105, '2018': 0.34, '2019': 0.393, '2020': 0.458, '2021': 0.39, '2022': -0.205, '2023': 0.028, '2024': -0.229, '2025': 0.111, '2026': 0.051}",4.07
2026-09-25 07:18:07,"{""name"": ""F5S momentum_12_1"", ""start"": ""2016-04-15"", ""end"": ""2026-09-24"", ""rebalance"": ""quarterly"", ""small_q"": 0.2, ""top_n"": 20, ""value"": ""per_pbr"", ""quality_q"": 0.0, ""min_amount"": 100000000.0, ""slippage"": 0.01, ""strategy"": ""factor"", ""factor"": ""momentum_12_1"", ""universe"": ""small"", ""b_top"": 200, ""mom_lb"": 252, ""mom_skip"": 21, ""stop_loss"": 0.0, ""timing"": ""none"", ""ma"": 60, ""band"": 0.01, ""note"": ""팩터 전수(소형 20종목)"", ""extra"": {}}",-0.0433,-0.7871,-0.018,0.2836,2561,"{'2016': -0.117, '2017': -0.231, '2018': 0.541, '2019': 0.398, '2020': 0.34, '2021': -0.012, '2022': -0.355, '2023': 0.048, '2024': -0.275, '2025': -0.05, '2026': -0.302}",5.78
2026-09-25 07:18:16,"{""name"": ""F5S high_52w"", ""start"": ""2016-04-15"", ""end"": ""2026-09-24"", ""rebalance"": ""quarterly"", ""small_q"": 0.2, ""top_n"": 20, ""value"": ""per_pbr"", ""quality_q"": 0.0, ""min_amount"": 100000000.0, ""slippage"": 0.01, ""strategy"": ""factor"", ""factor"": ""high_52w"", ""universe"": ""small"", ""b_top"": 200, ""mom_lb"": 252, ""mom_skip"": 21, ""stop_loss"": 0.0, ""timing"": ""none"", ""ma"": 60, ""band"": 0.01, ""note"": ""팩터 전수(소형 20종목)"", ""extra"": {}}",0.2319,-0.7523,0.306,7.9854,2561,"{'2016': 0.122, '2017': -0.056, '2018': 0.11, '2019': -0.029, '2020': 0.343, '2021': 0.167, '2022': -0.21, '2023': -0.215, '2024': -0.254, '2025': -0.19, '2026': 12.174}",6.55
2026-09-25 07:18:26,"{""name"": ""F5S low_vol"", ""start"": ""2016-04-15"", ""end"": ""2026-09-24"", ""rebalance"": ""quarterly"", ""small_q"": 0.2, ""top_n"": 20, ""value"": ""per_pbr"", ""quality_q"": 0.0, ""min_amount"": 100000000.0, ""slippage"": 0.01, ""strategy"": ""factor"", ""factor"": ""low_vol"", ""universe"": ""small"", ""b_top"": 200, ""mom_lb"": 252, ""mom_skip"": 21, ""stop_loss"": 0.0, ""timing"": ""none"", ""ma"": 60, ""band"": 0.01, ""note"": ""팩터 전수(소형 20종목)"", ""extra"": {}}",0.0488,-0.4464,0.346,0.2,2561,"{'2016': 0.222, '2017': -0.099, '2018': 0.129, '2019': 0.12, '2020': 0.227, '2021': 0.366, '2022': -0.127, '2023': 0.122, '2024': -0.223, '2025': 0.136, '2026': -0.184}",5.25
2026-09-25 07:18:42,"{""name"": ""F5S reversal_1m"", ""start"": ""2016-04-15"", ""end"": ""2026-09-24"", ""rebalance"": ""monthly"", ""small_q"": 0.2, ""top_n"": 20, ""value"": ""per_pbr"", ""quality_q"": 0.0, ""min_amount"": 100000000.0, ""slippage"": 0.01, ""strategy"": ""factor"", ""factor"": ""reversal_1m"", ""universe"": ""small"", ""b_top"": 200, ""mom_lb"": 252, ""mom_skip"": 21, ""stop_loss"": 0.0, ""timing"": ""none"", ""ma"": 60, ""band"": 0.01, ""note"": ""팩터 전수(소형 20종목)"", ""extra"": {}}",-0.1706,-0.8853,-1.025,0.1727,2561,"{'2016': 0.047, '2017': -0.124, '2018': -0.136, '2019': -0.138, '2020': -0.18, '2021': -0.159, '2022': -0.321, '2023': -0.189, '2024': -0.169, '2025': -0.207, '2026': -0.172}",10.18
2026-09-25 07:19:09,"{""name"": ""F5S low_max"", ""start"": ""2016-04-15"", ""end"": ""2026-09-24"", ""rebalance"": ""monthly"", ""small_q"": 0.2, ""top_n"": 20, ""value"": ""per_pbr"", ""quality_q"": 0.0, ""min_amount"": 100000000.0, ""slippage"": 0.01, ""strategy"": ""factor"", ""factor"": ""low_max"", ""universe"": ""small"", ""b_top"": 200, ""mom_lb"": 252, ""mom_skip"": 21, ""stop_loss"": 0.0, ""timing"": ""none"", ""ma"": 60, ""band"": 0.01, ""note"": ""팩터 전수(소형 20종목)"", ""extra"": {}}",-0.1029,-0.7501,-0.459,0.1993,2561,"{'2016': 0.138, '2017': -0.135, '2018': -0.213, '2019': 0.128, '2020': 0.091, '2021': 0.047, '2022': -0.413, '2023': -0.134, '2024': -0.276, '2025': 0.033, '2026': -0.152}",18.26
2026-09-25 07:19:39,"{""name"": ""F5S asset_growth"", ""start"": ""2016-04-15"", ""end"": ""2026-09-24"", ""rebalance"": ""quarterly"", ""small_q"": 0.2, ""top_n"": 20, ""value"": ""per_pbr"", ""quality_q"": 0.0, ""min_amount"": 100000000.0, ""slippage"": 0.01, ""strategy"": ""factor"", ""factor"": ""asset_growth"", ""universe"": ""small"", ""b_top"": 200, ""mom_lb"": 252, ""mom_skip"": 21, ""stop_loss"": 0.0, ""timing"": ""none"", ""ma"": 60, ""band"": 0.01, ""note"": ""팩터 전수(소형 20종목)"", ""extra"": {}}",-0.151,-0.8672,-0.52,0.2579,2561,"{'2016': 0.0, '2017': -0.275, '2018': -0.196, '2019': 0.329, '2020': 0.481, '2021': -0.096, '2022': -0.251, '2023': -0.195, '2024': -0.281, '2025': -0.202, '2026': -0.495}",4.46
2026-09-25 07:20:09,"{""name"": ""F5S earn_growth"", ""start"": ""2016-04-15"", ""end"": ""2026-09-24"", ""rebalance"": ""quarterly"", ""small_q"": 0.2, ""top_n"": 20, ""value"": ""per_pbr"", ""quality_q"": 0.0, ""min_amount"": 100000000.0, ""slippage"": 0.01, ""strategy"": ""factor"", ""factor"": ""earn_growth"", ""universe"": ""small"", ""b_top"": 200, ""mom_lb"": 252, ""mom_skip"": 21, ""stop_loss"": 0.0, ""timing"": ""none"", ""ma"": 60, ""band"": 0.01, ""note"": ""팩터 전수(소형 20종목)"", ""extra"": {}}",0.0037,-0.6712,0.153,0.2733,2561,"{'2016': 0.0, '2017': -0.229, '2018': 0.036, '2019': 0.183, '2020': 0.736, '2021': 0.391, '2022': -0.083, '2023': -0.112, '2024': -0.261, '2025': 0.136, '2026': -0.333}",4.7
2026-09-25 07:20:38,"{""name"": ""F5S illiquidity"", ""start"": ""2016-04-15"", ""end"": ""2026-09-24"", ""rebalance"": ""quarterly"", ""small_q"": 0.2, ""top_n"": 20, ""value"": ""per_pbr"", ""quality_q"": 0.0, ""min_amount"": 100000000.0, ""slippage"": 0.01, ""strategy"": ""factor"", ""factor"": ""illiquidity"", ""universe"": ""small"", ""b_top"": 200, ""mom_lb"": 252, ""mom_skip"": 21, ""stop_loss"": 0.0, ""timing"": ""none"", ""ma"": 60, ""band"": 0.01, ""note"": ""팩터 전수(소형 20종목)"", ""extra"": {}}",0.0114,-0.6046,0.164,0.2174,2561,"{'2016': 0.098, '2017': -0.127, '2018': -0.163, '2019': 0.076, '2020': 0.08, '2021': 0.361, '2022': -0.077, '2023': 0.223, '2024': -0.336, '2025': 0.098, '2026': 0.079}",7.17
2026-09-25 07:21:06,"{""name"": ""F5S value_momentum"", ""start"": ""2016-04-15"", ""end"": ""2026-09-24"", ""rebalance"": ""quarterly"", ""small_q"": 0.2, ""top_n"": 20, ""value"": ""per_pbr"", ""quality_q"": 0.0, ""min_amount"": 100000000.0, ""slippage"": 0.01, ""strategy"": ""factor"", ""factor"": ""value_momentum"", ""universe"": ""small"", ""b_top"": 200, ""mom_lb"": 252, ""mom_skip"": 21, ""stop_loss"": 0.0, ""timing"": ""none"", ""ma"": 60, ""band"": 0.01, ""note"": ""팩터 전수(소형 20종목)"", ""extra"": {}}",0.1007,-0.4405,0.516,0.2538,2561,"{'2016': 0.156, '2017': -0.175, '2018': 0.198, '2019': 0.162, '2020': 0.65, '2021': 0.506, '2022': -0.136, '2023': 0.23, '2024': -0.283, '2025': 0.027, '2026': 0.055}",4.99
2026-09-25 07:21:26,"{""name"": ""F5S lowvol_value"", ""start"": ""2016-04-15"", ""end"": ""2026-09-24"", ""rebalance"": ""quarterly"", ""small_q"": 0.2, ""top_n"": 20, ""value"": ""per_pbr"", ""quality_q"": 0.0, ""min_amount"": 100000000.0, ""slippage"": 0.01, ""strategy"": ""factor"", ""factor"": ""lowvol_value"", ""universe"": ""small"", ""b_top"": 200, ""mom_lb"": 252, ""mom_skip"": 21, ""stop_loss"": 0.0, ""timing"": ""none"", ""ma"": 60, ""band"": 0.01, ""note"": ""팩터 전수(소형 20종목)"", ""extra"": {}}",0.0637,-0.4757,0.4,0.219,2561,"{'2016': 0.239, '2017': -0.125, '2018': 0.049, '2019': 0.124, '2020': 0.203, '2021': 0.521, '2022': -0.124, '2023': 0.193, '2024': -0.264, '2025': 0.065, '2026': -0.007}",5.17
2026-09-25 07:21:53,"{""name"": ""F5S qvm"", ""start"": ""2016-04-15"", ""end"": ""2026-09-24"", ""rebalance"": ""quarterly"", ""small_q"": 0.2, ""top_n"": 20, ""value"": ""per_pbr"", ""quality_q"": 0.0, ""min_amount"": 100000000.0, ""slippage"": 0.01, ""strategy"": ""factor"", ""factor"": ""qvm"", ""universe"": ""small"", ""b_top"": 200, ""mom_lb"": 252, ""mom_skip"": 21, ""stop_loss"": 0.0, ""timing"": ""none"", ""ma"": 60, ""band"": 0.01, ""note"": ""팩터 전수(소형 20종목)"", ""extra"": {}}",0.1216,-0.5371,0.594,0.2522,2561,"{'2016': 0.365, '2017': -0.186, '2018': 0.28, '2019': 0.347, '2020': 0.797, '2021': 0.372, '2022': -0.231, '2023': -0.014, '2024': -0.247, '2025': 0.167, '2026': 0.054}",4.73
2026-09-25 07:27:23,"{""name"": ""COMBO S50+HAA50"", ""note"": ""조합""}",0.1964,-0.3076,1.105,0.1818,2561,"{'2016': 0.039, '2017': 0.131, '2018': 0.074, '2019': 0.213, '2020': 0.257, '2021': 0.5, '2022': -0.087, '2023': 0.1, '2024': 0.002, '2025': 0.543, '2026': 0.45}"
2026-09-25 07:27:24,"{""name"": ""COMBO S50+HAA50 +CPPI"", ""note"": ""조합""}",0.1244,-0.1719,1.109,0.1146,2561,"{'2016': 0.028, '2017': 0.098, '2018': 0.049, '2019': 0.133, '2020': 0.06, '2021': 0.348, '2022': -0.071, '2023': 0.063, '2024': 0.002, '2025': 0.365, '2026': 0.315}"
2026-09-25 07:27:24,"{""name"": ""COMBO S50+DAA50"", ""note"": ""조합""}",0.1941,-0.2753,1.139,0.1732,2561,"{'2016': 0.04, '2017': 0.109, '2018': 0.085, '2019': 0.236, '2020': 0.322, '2021': 0.377, '2022': -0.095, '2023': 0.101, '2024': 0.027, '2025': 0.59, '2026': 0.392}"
2026-09-25 07:27:24,"{""name"": ""COMBO S50+DAA50 +CPPI"", ""note"": ""조합""}",0.1288,-0.158,1.175,0.1113,2561,"{'2016': 0.029, '2017': 0.083, '2018': 0.06, '2019': 0.148, '2020': 0.138, '2021': 0.267, '2022': -0.071, '2023': 0.061, '2024': 0.02, '2025': 0.409, '2026': 0.28}"
2026-09-25 07:27:26,"{""name"": ""COMBO S40+DAA30+PP30"", ""note"": ""조합""}",0.1663,-0.2328,1.177,0.143,2561,"{'2016': 0.031, '2017': 0.097, '2018': 0.065, '2019': 0.217, '2020': 0.269, '2021': 0.307, '2022': -0.094, '2023': 0.105, '2024': 0.042, '2025': 0.484, '2026': 0.326}"
2026-09-25 07:27:26,"{""name"": ""COMBO S40+DAA30+PP30 +CPPI"", ""note"": ""조합""}",0.1148,-0.146,1.215,0.0956,2561,"{'2016': 0.023, '2017': 0.076, '2018': 0.047, '2019': 0.147, '2020': 0.128, '2021': 0.223, '2022': -0.069, '2023': 0.066, '2024': 0.032, '2025': 0.349, '2026': 0.235}"
2026-09-25 07:27:27,"{""name"": ""COMBO S34+HAA33+DAA33"", ""note"": ""조합""}",0.162,-0.2423,1.138,0.1449,2561,"{'2016': 0.027, '2017': 0.126, '2018': 0.063, '2019': 0.175, '2020': 0.23, '2021': 0.333, '2022': -0.072, '2023': 0.105, '2024': 0.05, '2025': 0.46, '2026': 0.288}"
2026-09-25 07:27:27,"{""name"": ""COMBO S34+HAA33+DAA33 +CPPI"", ""note"": ""조합""}",0.1115,-0.1476,1.161,0.0977,2561,"{'2016': 0.02, '2017': 0.098, '2018': 0.041, '2019': 0.122, '2020': 0.103, '2021': 0.24, '2022': -0.056, '2023': 0.075, '2024': 0.038, '2025': 0.326, '2026': 0.206}"
2026-09-25 07:27:29,"{""name"": ""COMBO S60+DAA40"", ""note"": ""조합""}",0.2146,-0.3025,1.12,0.1956,2561,"{'2016': 0.048, '2017': 0.107, '2018': 0.093, '2019': 0.265, '2020': 0.354, '2021': 0.454, '2022': -0.107, '2023': 0.098, '2024': 0.002, '2025': 0.656, '2026': 0.482}"
2026-09-25 07:27:29,"{""name"": ""COMBO S60+DAA40 +CPPI"", ""note"": ""조합""}",0.1362,-0.1699,1.15,0.1204,2561,"{'2016': 0.035, '2017': 0.081, '2018': 0.067, '2019': 0.153, '2020': 0.121, '2021': 0.315, '2022': -0.08, '2023': 0.054, '2024': -0.001, '2025': 0.441, '2026': 0.34}"
2026-09-25 07:27:30,"{""name"": ""COMBO S70+DAA30"", ""note"": ""조합""}",0.2347,-0.3293,1.1,0.2188,2561,"{'2016': 0.056, '2017': 0.105, '2018': 0.1, '2019': 0.295, '2020': 0.385, '2021': 0.536, '2022': -0.12, '2023': 0.093, '2024': -0.023, '2025': 0.724, '2026': 0.576}"
2026-09-25 07:27:30,"{""name"": ""COMBO S70+DAA30 +CPPI"", ""note"": ""조합""}",0.1413,-0.1801,1.124,0.1282,2561,"{'2016': 0.04, '2017': 0.078, '2018': 0.074, '2019': 0.154, '2020': 0.088, '2021': 0.363, '2022': -0.089, '2023': 0.047, '2024': -0.013, '2025': 0.462, '2026': 0.402}"
2026-09-25 07:29:25,"{""name"": ""ML GBM 상위30 (전체 유동성 종목)"", ""start"": ""2017-10-16"", ""end"": ""2026-09-24"", ""rebalance"": ""quarterly"", ""small_q"": 0.2, ""top_n"": 20, ""value"": ""per_pbr"", ""quality_q"": 0.0, ""min_amount"": 100000000.0, ""slippage"": 0.005, ""strategy"": ""picks"", ""factor"": """", ""universe"": ""all"", ""b_top"": 200, ""mom_lb"": 252, ""mom_skip"": 21, ""stop_loss"": 0.0, ""timing"": ""none"", ""ma"": 60, ""band"": 0.01, ""note"": ""머신러닝 워크포워드"", ""extra"": {""picks"": {""2017-10-16"": [""034730"", ""073640"", ""002380"", ""000660"", ""024110"", ""005930"", ""000270"", ""088290"", ""105560"", ""011170"", ""072990"", ""055550"", ""011230"", ""005380"", ""051910"", ""051900"", ""079440"", ""034220"", ""008930"", ""003550"", ""012330"", ""001750"", ""000810"", ""028260"", ""035250"", ""010130"", ""205500"", ""029780"", ""032830"", ""088980""], ""2018-01-15"": [""013720"", ""069140"", ""045300"", ""051380"", ""115530"", ""073540"", ""007530"", ""109080"", ""127160"", ""123010"", ""004920"", ""006200"", ""072950"", ""091440"", ""035200"", ""072770"", ""086250"", ""105330"", ""252500"", ""205500"", ""153460"", ""060480"", ""006800"", ""045340"", ""005450"", ""134060"", ""023440"", ""058450"", ""138360"", ""119830""], ""2018-04-16"": [""182400"", ""222110"", ""154030"", ""205500"", ""187420"", ""065620"", ""214370"", ""046210"", ""208860"", ""019570"", ""036570"", ""089030"", ""040350"", ""093230"", ""258610"", ""249420"", ""009450"", ""217730"", ""065560"", ""041920"", ""001270"", ""192080"", ""019660"", ""170900"", ""141080"", ""017800"", ""001720"", ""089600"", ""039830"", ""006650""], ""2018-07-16"": [""206400"", ""250060"", ""010640"", ""002700"", ""019570"", ""222110"", ""032940"", ""008800"", ""200130"", ""039130"", ""263860"", ""265560"", ""044180"", ""089890"", ""005930"", ""023910"", ""131760"", ""010280"", ""105330"", ""007570"", ""079810"", ""012610"", ""016880"", ""093380"", ""088980"", ""009970"", ""039670"", ""016250"", ""222420"", ""036460""], ""2018-10-15"": [""225590"", ""019570"", ""222110"", ""197140"", ""114810"", ""030270"", ""219750"", ""182400"", ""025870"", ""062860"", ""161570"", ""220180"", ""044180"", ""051160"", ""011280"", ""001720"", ""035420"", ""173130"", ""017370"", ""008970"", ""052220"", ""137940"", ""203690"", ""033660"", ""036120"", ""023600"", ""051980"", ""085620"", ""094800"", ""187870""], ""2019-01-15"": [""139670"", ""029480"", ""219130"", ""025870"", ""080440"", ""130500"", ""016920"", ""182690"", ""035200"", ""072950"", ""019570"", ""073190"", ""115570"", ""131220"", ""023790"", ""010420"", ""098120"", ""032280"", ""033050"", ""141070"", ""264660"", ""019540"", ""044780"", ""086060"", ""256940"", ""026910"", ""221610"", ""099410"", ""073540"", ""263540""], ""2019-04-15"": [""263020"", ""197140"", ""225590"", ""010420"", ""016920"", ""121890"", ""033830"", ""021880"", ""227950"", ""038010"", ""110020"", ""092130"", ""026910"", ""170900"", ""044780"", ""058470"", ""182400"", ""001230"", ""219130"", ""036570"", ""020400"", ""290120"", ""032280"", ""053210"", ""154040"", ""128540"", ""253590"", ""131370"", ""094850"", ""010140""], ""2019-07-15"": [""026910"", ""173130"", ""115610"", ""044780"", ""067010"", ""032080"", ""033250"", ""021880"", ""217190"", ""025620"", ""263020"", ""072130"", ""290550"", ""086060"", ""114190"", ""002290"", ""052460"", ""119500"", ""197140"", ""038010"", ""025880"", ""227950"", ""113810"", ""072950"", ""004920"", ""019010"", ""060480"", ""139480"", ""080580"", ""030720""], ""2019-10-15"": [""197140"", ""024940"", ""058110"", ""080580"", ""016920"", ""225590"", ""058400"", ""007530"", ""099520"", ""010660"", ""036570"", ""212560"", ""033130"", ""010420"", ""058420"", ""002140"", ""098660"", ""049720"", ""045300"", ""275630"", ""297570"", ""021880"", ""114190"", ""004920"", ""192390"", ""196700"", ""258830"", ""089150"", ""900120"", ""026960""], ""2020-01-15"": [""004920"", ""123750"", ""053060"", ""225590"", ""052600"", ""028040"", ""254120"", ""035200"", ""219130"", ""019490"", ""196700"", ""080580"", ""227100"", ""024940"", ""016920"", ""197140"", ""053160"", ""005320"", ""054040"", ""048830"", ""005030"", ""001420"", ""076080"", ""181340"", ""067770"", ""039740"", ""068270"", ""113810"", ""134060"", ""021880""], ""2020-04-16"": [""297570"", ""900120"", ""085810"", ""051900"", ""123750"", ""038950"", ""263810"", ""096870"", ""227100"", ""067770"", ""113810"", ""026910"", ""103230"", ""263750"", ""037400"", ""092130"", ""032960"", ""054040"", ""126640"", ""096640"", ""060560"", ""080470"", ""263020"", ""161570"", ""101670"", ""069140"", ""038620"", ""098660"", ""015020"", ""019770""], ""2020-07-15"": [""096870"", ""201490"", ""003780"", ""097520"", ""000990"", ""297570"", ""279600"", ""021880"", ""039740"", ""264660"", ""079000"", ""130740"", ""083450"", ""203450"", ""092130"", ""054040"", ""011080"", ""115610"", ""000760"", ""268280"", ""064480"", ""002840"", ""191410"", ""088790"", ""197140"", ""088980"", ""062860"", ""039240"", ""008470"", ""021040""], ""2020-10-15"": [""033530"", ""225590"", ""019490"", ""060380"", ""003090"", ""026910"", ""018500"", ""092130"", ""038110"", ""016380"", ""019180"", ""039740"", ""090150"", ""192410"", ""005930"", ""058860"", ""044780"", ""001540"", ""001560"", ""010420"", ""101670"", ""087600"", ""007530"", ""003780"", ""030720"", ""043360"", ""120240"", ""054040"", ""049720"", ""066670""], ""2021-01-15"": [""096870"", ""020400"", ""035460"", ""071090"", ""018500"", ""115610"", ""046310"", ""044180"", ""187270"", ""113810"", ""010640"", ""001420"", ""054300"", ""060380"", ""039740"", ""323230"", ""192390"", ""008830"", ""093230"", ""225590"", ""026040"", ""103230"", ""026910"", ""010420"", ""197140"", ""056090"", ""072950"", ""048830"", ""173130"", ""001070""], ""2021-04-15"": [""115610"", ""192390"", ""039740"", ""096870"", ""048830"", ""005860"", ""010640"", ""017250"", ""044780"", ""020400"", ""101240"", ""187270"", ""071950"", ""050860"", ""008870"", ""039310"", ""009780"", ""088910"", ""032280"", ""005930"", ""101670"", ""134580"", ""088130"", ""022220"", ""065690"", ""128660"", ""026910"", ""001230"", ""098660"", ""000850""], ""2021-07-15"": [""017250"", ""044780"", ""000760"", ""081580"", ""009140"", ""010770"", ""063760"", ""051390"", ""032960"", ""060480"", ""221980"", ""113810"", ""012620"", ""005820"", ""053050"", ""091340"", ""025890"", ""084870"", ""054540"", ""067920"", ""010400"", ""050860"", ""009440"", ""002690"", ""006880"", ""020400"", ""275630"", ""000850"", ""080010"", ""079650""], ""2021-10-15"": [""246720"", ""035000"", ""044780"", ""130740"", ""040420"", ""004800"", ""045300"", ""187270"", ""058650"", ""000850"", ""016360"", ""001560"", ""134580"", ""020400"", ""010640"", ""026910"", ""263020"", ""298380"", ""029530"", ""032960"", ""101670"", ""001720"", ""078020"", ""091440"", ""096870"", ""006880"", ""004100"", ""001270"", ""012620"", ""030610""], ""2022-01-17"": [""286750"", ""069330"", ""030720"", ""070300"", ""096870"", ""035460"", ""098660"", ""161570"", ""275630"", ""088980"", ""001420"", ""001770"", ""016250"", ""005030"", ""134060"", ""010420"", ""067770"", ""066430"", ""094800"", ""101400"", ""080530"", ""086060"", ""081580"", ""101670"", ""008470"", ""035000"", ""043360"", ""110020"", ""060480"", ""067010""], ""2022-04-15"": [""096300"", ""290650"", ""017250"", ""228760"", ""016710"", ""217330"", ""045340"", ""001420"", ""087010"", ""033250"", ""070300"", ""017390"", ""003100"", ""207940"", ""069330"", ""054210"", ""353200"", ""134060"", ""040420"", ""175330"", ""039740"", ""161570"", ""067770"", ""187270"", ""006200"", ""298690"", ""001770"", ""012620"", ""026910"", ""262840""], ""2022-07-15"": [""016710"", ""001770"", ""019540"", ""310870"", ""225590"", ""003100"", ""088790"", ""045300"", ""098660"", ""086060"", ""004890"", ""130740"", ""024940"", ""033050"", ""009310"", ""014910"", ""174880"", ""122690"", ""366030"", ""353190"", ""036170"", ""378850"", ""048830"", ""043710"", ""072950"", ""018500"", ""009620"", ""101670"", ""001000"", ""026910""], ""2022-10-17"": [""016710"", ""003100"", ""115570"", ""000880"", ""060480"", ""353190"", ""044380"", ""225590"", ""012620"", ""088790"", ""222160"", ""331380"", ""148780"", ""066790"", ""310870"", ""070300"", ""311390"", ""237750"", ""048830"", ""101330"", ""039740"", ""045300"", ""225430"", ""290270"", ""033050"", ""086060"", ""154040"", ""122690"", ""046970"", ""049830""], ""2023-01-16"": [""003100"", ""098120"", ""016710"", ""161570"", ""086060"", ""134060"", ""321820"", ""080530"", ""017390"", ""053060"", ""043100"", ""014910"", ""015020"", ""130740"", ""073190"", ""032280"", ""014100"", ""069330"", ""035200"", ""099410"", ""010420"", ""088790"", ""192390"", ""017250"", ""067770"", ""066790"", ""045340"", ""115610"", ""019540"", ""109960""], ""2023-04-17"": [""016710"", ""003100"", ""017390"", ""103230"", ""033050"", ""044180"", ""093380"", ""084440"", ""083660"", ""002680"", ""224060"", ""134060"", ""310870"", ""098660"", ""032280"", ""130740"", ""275630"", ""222160"", ""019540"", ""067770"", ""086060"", ""096870"", ""043360"", ""084870"", ""062970"", ""039740"", ""088790"", ""005820"", ""035200"", ""025530""], ""2023-07-17"": [""020400"", ""060480"", ""032280"", ""093380"", ""010420"", ""088790"", ""134060"", ""115530"", ""025870"", ""054410"", ""054940"", ""001020"", ""353200"", ""238490"", ""025890"", ""275630"", ""051390"", ""263920"", ""017250"", ""071850"", ""115570"", ""062970"", ""033050"", ""033790"", ""067010"", ""101680"", ""044780"", ""225590"", ""032960"", ""071950""], ""2023-10-16"": [""009310"", ""035200"", ""066430"", ""064480"", ""069330"", ""215790"", ""136410"", ""073190"", ""310870"", ""296640"", ""237750"", ""222160"", ""148930"", ""051390"", ""080010"", ""010280"", ""038010"", ""203450"", ""005320"", ""014710"", ""036480"", ""043100"", ""383930"", ""103230"", ""075130"", ""333050"", ""072950"", ""184230"", ""006050"", ""075970""], ""2024-01-15"": [""069330"", ""086060"", ""130740"", ""168490"", ""035460"", ""310870"", ""066430"", ""335870"", ""244460"", ""039740"", ""098660"", ""237750"", ""133820"", ""035200"", ""063760"", ""148250"", ""040160"", ""018620"", ""007120"", ""188260"", ""005110"", ""071850"", ""103230"", ""070590"", ""352940"", ""347700"", ""333050"", ""062970"", ""019490"", ""123330""], ""2024-04-15"": [""188260"", ""001210"", ""123750"", ""048470"", ""037400"", ""023790"", ""331920"", ""016920"", ""900270"", ""123890"", ""030720"", ""043100"", ""092230"", ""003680"", ""081580"", ""066430"", ""003690"", ""086060"", ""017000"", ""054940"", ""429270"", ""075130"", ""003620"", ""016360"", ""035460"", ""309930"", ""060980"", ""089030"", ""025880"", ""002290""], ""2024-07-15"": [""190650"", ""316140"", ""073190"", ""318160"", ""076080"", ""024110"", ""168490"", ""060380"", ""079190"", ""025620"", ""001720"", ""086060"", ""031310"", ""005940"", ""055550"", ""139130"", ""020180"", ""005670"", ""003690"", ""138930"", ""015360"", ""037400"", ""032280"", ""246250"", ""099410"", ""250930"", ""035200"", ""103230"", ""030610"", ""006050""], ""2024-10-15"": [""000100"", ""415380"", ""105760"", ""003470"", ""029780"", ""003540"", ""001720"", ""024110"", ""015360"", ""001500"", ""138930"", ""168490"", ""146060"", ""016360"", ""003680"", ""075130"", ""001270"", ""000370"", ""006800"", ""068930"", ""030610"", ""003300"", ""017670"", ""092230"", ""051390"", ""001130"", ""035890"", ""198080"", ""123890"", ""052460""], ""2025-01-15"": [""024110"", ""003540"", ""016610"", ""001750"", ""316140"", ""001720"", ""003690"", ""139130"", ""310870"", ""030610"", ""055550"", ""110020"", ""000140"", ""088350"", ""065420"", ""065710"", ""138930"", ""415380"", ""123890"", ""900120"", ""035200"", ""011090"", ""006800"", ""071050"", ""009680"", ""032830"", ""900300"", ""034830"", ""094800"", ""001450""], ""2025-04-15"": [""179530"", ""900300"", ""003680"", ""059100"", ""029780"", ""464280"", ""025440"", ""088350"", ""009770"", ""335870"", ""034830"", ""044820"", ""002810"", ""001450"", ""091340"", ""014910"", ""044380"", ""016360"", ""060540"", ""004690"", ""067010"", ""004590"", ""079000"", ""024120"", ""092230"", ""900260"", ""050760"", ""000320"", ""000140"", ""002460""], ""2025-07-15"": [""065420"", ""138930"", ""139130"", ""034830"", ""091340"", ""003540"", ""016600"", ""008060"", ""005990"", ""003460"", ""123890"", ""030610"", ""044380"", ""067280"", ""024110"", ""003690"", ""085620"", ""054220"", ""316140"", ""023760"", ""088350"", ""092230"", ""016610"", ""469750"", ""055550"", ""123700"", ""032560"", ""025530"", ""029780"", ""103140""], ""2025-10-15"": [""175330"", ""088350"", ""024110"", ""003460"", ""000810"", ""029780"", ""023760"", ""086790"", ""085620"", ""034830"", ""034020"", ""267290"", ""316140"", ""019440"", ""071950"", ""060260"", ""010770"", ""121850"", ""323410"", ""025000"", ""030610"", ""415380"", ""134380"", ""424760"", ""005720"", ""001750"", ""054800"", ""065420"", ""001450"", ""092130""], ""2026-01-15"": [""123750"", ""003680"", ""096870"", ""023760"", ""267290"", ""057050"", ""151860"", ""001750"", ""003300"", ""065420"", ""032560"", ""047810"", ""003460"", ""025000"", ""092230"", ""024110"", ""007330"", ""005740"", ""030720"", ""008060"", ""036030"", ""021320"", ""415640"", ""029780"", ""037710"", ""000210"", ""036640"", ""458870"", ""086060"", ""003100""], ""2026-04-15"": [""082920"", ""024110"", ""009150"", ""123890"", ""023760"", ""062040"", ""003690"", ""267260"", ""065690"", ""029780"", ""440290"", ""298040"", ""006260"", ""316140"", ""065420"", ""415640"", ""267290"", ""296640"", ""030200"", ""000370"", ""237750"", ""088790"", ""023600"", ""010400"", ""031210"", ""003460"", ""057050"", ""071050"", ""017390"", ""017650""], ""2026-07-15"": [""024110"", ""055550"", ""139130"", ""000810"", ""032830"", ""086790"", ""316140"", ""071050"", ""003550"", ""045520"", ""267250"", ""011070"", ""086280"", ""105560"", ""138930"", ""016360"", ""323410"", ""005830"", ""003690"", ""016610"", ""279570"", ""003460"", ""010950"", ""029780"", ""005380"", ""030210"", ""034830"", ""012330"", ""303530"", ""007330""]}}}",0.1788,-0.4106,0.849,0.2305,2194,"{'2017': 0.014, '2018': 0.019, '2019': 0.411, '2020': 0.378, '2021': 0.488, '2022': 0.217, '2023': 0.094, '2024': -0.137, '2025': 0.292, '2026': -0.02}",6.48
2026-09-25 07:30:02,"{""name"": ""월말효과 KODEX200"", ""note"": ""ETF 전략""}",0.0435,-0.258,0.353,0.1585,2561,"{'2016': -0.009, '2017': 0.061, '2018': -0.112, '2019': -0.075, '2020': 0.397, '2021': 0.09, '2022': -0.065, '2023': 0.108, '2024': -0.119, '2025': 0.067, '2026': 0.219}"
2026-09-25 07:30:02,"{""name"": ""KODEX레버리지 + 10개월추세"", ""note"": ""ETF 전략""}",0.2315,-0.6837,0.703,0.4423,2561,"{'2016': 0.05, '2017': 0.553, '2018': -0.272, '2019': -0.043, '2020': 0.399, '2021': 0.031, '2022': 0.013, '2023': -0.038, '2024': -0.229, '2025': 1.918, '2026': 1.448}"
2026-09-25 07:30:02,"{""name"": ""  └ + 변동성목표 20%"", ""note"": ""ETF 전략""}",0.1042,-0.4626,0.623,0.1937,2561,"{'2016': 0.02, '2017': 0.523, '2018': -0.231, '2019': -0.072, '2020': 0.18, '2021': -0.037, '2022': 0.013, '2023': -0.039, '2024': -0.161, '2025': 0.984, '2026': 0.376}"
2026-09-25 07:30:02,"{""name"": ""나스닥100 + 10개월추세"", ""note"": ""ETF 전략""}",0.1722,-0.313,1.068,0.1657,2561,"{'2016': 0.063, '2017': 0.169, '2018': 0.056, '2019': 0.274, '2020': 0.285, '2021': 0.402, '2022': -0.263, '2023': 0.291, '2024': 0.452, '2025': 0.115, '2026': 0.131}"
2026-09-25 07:30:02,"{""name"": ""나스닥100 보유(비교)"", ""note"": ""ETF 전략""}",0.2233,-0.3103,1.132,0.2009,2561,"{'2016': 0.139, '2017': 0.169, '2018': 0.013, '2019': 0.455, '2020': 0.378, '2021': 0.402, '2022': -0.305, '2023': 0.614, '2024': 0.452, '2025': 0.165, '2026': 0.139}"
2026-09-25 07:41:41,"{""name"": ""COMBO2 ML50+DAA50"", ""note"": ""조합(ML 포함)""}",0.1386,-0.2589,1.022,0.1401,2194,"{'2017': 0.017, '2018': 0.034, '2019': 0.248, '2020': 0.274, '2021': 0.247, '2022': 0.08, '2023': 0.108, '2024': 0.002, '2025': 0.294, '2026': -0.013}"
2026-09-25 07:41:41,"{""name"": ""COMBO2 ML50+DAA50 +CPPI"", ""note"": ""조합(ML 포함)""}",0.0881,-0.1556,0.953,0.0959,2194,"{'2017': 0.013, '2018': 0.025, '2019': 0.158, '2020': 0.108, '2021': 0.166, '2022': 0.044, '2023': 0.078, '2024': 0.001, '2025': 0.218, '2026': -0.003}"
2026-09-25 07:41:42,"{""name"": ""COMBO2 S35+ML35+DAA30"", ""note"": ""조합(ML 포함)""}",0.2105,-0.3237,1.131,0.1893,2194,"{'2017': 0.011, '2018': 0.07, '2019': 0.305, '2020': 0.351, '2021': 0.435, '2022': 0.004, '2023': 0.099, '2024': -0.038, '2025': 0.5, '2026': 0.265}"
2026-09-25 07:41:42,"{""name"": ""COMBO2 S35+ML35+DAA30 +CPPI"", ""note"": ""조합(ML 포함)""}",0.123,-0.1785,1.058,0.1193,2194,"{'2017': 0.008, '2018': 0.055, '2019': 0.172, '2020': 0.074, '2021': 0.292, '2022': -0.028, '2023': 0.063, '2024': -0.025, '2025': 0.349, '2026': 0.199}"
2026-09-25 07:41:42,"{""name"": ""COMBO2 S30+ML30+DAA20+PP20"", ""note"": ""조합(ML 포함)""}",0.1894,-0.294,1.156,0.166,2194,"{'2017': 0.01, '2018': 0.06, '2019': 0.281, '2020': 0.31, '2021': 0.375, '2022': -0.009, '2023': 0.102, '2024': -0.018, '2025': 0.441, '2026': 0.235}"
2026-09-25 07:41:42,"{""name"": ""COMBO2 S30+ML30+DAA20+PP20 +CPPI"", ""note"": ""조합(ML 포함)""}",0.1173,-0.1692,1.106,0.1082,2194,"{'2017': 0.008, '2018': 0.046, '2019': 0.172, '2020': 0.093, '2021': 0.258, '2022': -0.03, '2023': 0.067, '2024': -0.011, '2025': 0.317, '2026': 0.177}"
2026-09-25 07:41:43,"{""name"": ""COMBO2 S50+ML50"", ""note"": ""조합(ML 포함)""}",0.2578,-0.4147,1.073,0.2484,2194,"{'2017': 0.007, '2018': 0.074, '2019': 0.402, '2020': 0.427, '2021': 0.638, '2022': 0.019, '2023': 0.087, '2024': -0.113, '2025': 0.598, '2026': 0.395}"
2026-09-25 07:41:43,"{""name"": ""COMBO2 S50+ML50 +CPPI"", ""note"": ""조합(ML 포함)""}",0.105,-0.1977,0.828,0.1348,2194,"{'2017': 0.006, '2018': 0.071, '2019': 0.163, '2020': -0.087, '2021': 0.294, '2022': -0.047, '2023': 0.037, '2024': -0.052, '2025': 0.355, '2026': 0.298}"
2026-09-25 07:58:08,"{""name"": ""PEAD_OP"", ""start"": ""2017-05-15"", ""end"": ""2026-09-24"", ""rebalance"": ""monthly"", ""small_q"": 0.2, ""top_n"": 20, ""value"": ""per_pbr"", ""quality_q"": 0.0, ""min_amount"": 100000000.0, ""slippage"": 0.01, ""strategy"": ""factor"", ""factor"": ""pead_op"", ""universe"": ""all"", ""b_top"": 200, ""mom_lb"": 252, ""mom_skip"": 21, ""stop_loss"": 0.0, ""timing"": ""none"", ""ma"": 60, ""band"": 0.01, ""note"": ""PEAD 사전선언"", ""extra"": {}}",-0.0957,-0.7035,-0.245,0.2711,2296,"{'2017': -0.129, '2018': -0.266, '2019': 0.071, '2020': 0.344, '2021': -0.031, '2022': -0.311, '2023': -0.064, '2024': -0.151, '2025': -0.026, '2026': -0.181}",9.31
2026-09-25 08:00:08,"{""name"": ""PEAD_SUE"", ""start"": ""2018-05-15"", ""end"": ""2026-09-24"", ""rebalance"": ""monthly"", ""small_q"": 0.2, ""top_n"": 20, ""value"": ""per_pbr"", ""quality_q"": 0.0, ""min_amount"": 100000000.0, ""slippage"": 0.01, ""strategy"": ""factor"", ""factor"": ""pead_sue"", ""universe"": ""all"", ""b_top"": 200, ""mom_lb"": 252, ""mom_skip"": 21, ""stop_loss"": 0.0, ""timing"": ""none"", ""ma"": 60, ""band"": 0.01, ""note"": ""PEAD 사전선언"", ""extra"": {}}",0.0033,-0.5253,0.157,0.2879,2051,"{'2018': -0.17, '2019': 0.014, '2020': 0.16, '2021': -0.124, '2022': -0.237, '2023': 0.315, '2024': -0.069, '2025': 0.21, '2026': 0.064}",10.54
2026-09-25 08:02:06,"{""name"": ""PEAD_OP_2018"", ""start"": ""2018-05-15"", ""end"": ""2026-09-24"", ""rebalance"": ""monthly"", ""small_q"": 0.2, ""top_n"": 20, ""value"": ""per_pbr"", ""quality_q"": 0.0, ""min_amount"": 100000000.0, ""slippage"": 0.01, ""strategy"": ""factor"", ""factor"": ""pead_op"", ""universe"": ""all"", ""b_top"": 200, ""mom_lb"": 252, ""mom_skip"": 21, ""stop_loss"": 0.0, ""timing"": ""none"", ""ma"": 60, ""band"": 0.01, ""note"": ""PEAD 사전선언"", ""extra"": {}}",-0.1007,-0.7035,-0.255,0.2764,2051,"{'2018': -0.325, '2019': 0.071, '2020': 0.344, '2021': -0.031, '2022': -0.311, '2023': -0.064, '2024': -0.151, '2025': -0.026, '2026': -0.181}",9.2
2026-09-25 08:04:17,"{""name"": ""PEAD_OP_Q5"", ""start"": ""2017-05-15"", ""end"": ""2026-09-24"", ""rebalance"": ""monthly"", ""small_q"": 0.2, ""top_n"": 0, ""value"": ""per_pbr"", ""quality_q"": 0.0, ""min_amount"": 100000000.0, ""slippage"": 0.01, ""strategy"": ""factor"", ""factor"": ""pead_op"", ""universe"": ""all"", ""b_top"": 200, ""mom_lb"": 252, ""mom_skip"": 21, ""stop_loss"": 0.0, ""timing"": ""none"", ""ma"": 60, ""band"": 0.01, ""note"": ""PEAD 사전선언"", ""extra"": {}}",0.0166,-0.5209,0.192,0.2405,2296,"{'2017': 0.061, '2018': -0.157, '2019': 0.109, '2020': 0.378, '2021': 0.198, '2022': -0.254, '2023': 0.026, '2024': -0.144, '2025': 0.199, '2026': -0.095}",8.37
2026-09-25 08:56:56,"{""name"": ""LEV S40+DAA30+PP30 x1.0 금리0.0%"", ""note"": ""레버리지 사전선언""}",0.1797,-0.233,1.189,0.1525,2194,"{'2017': 0.008, '2018': 0.063, '2019': 0.216, '2020': 0.267, '2021': 0.305, '2022': -0.096, '2023': 0.103, '2024': 0.041, '2025': 0.482, '2026': 0.322}"
2026-09-25 08:56:56,"{""name"": ""LEV S40+DAA30+PP30 x1.5 금리3.5%"", ""note"": ""레버리지 사전선언""}",0.2481,-0.3338,1.11,0.2288,2194,"{'2017': 0.009, '2018': 0.071, '2019': 0.313, '2020': 0.384, '2021': 0.457, '2022': -0.162, '2023': 0.135, '2024': 0.038, '2025': 0.761, '2026': 0.455}"
2026-09-25 08:56:56,"{""name"": ""LEV S40+DAA30+PP30 x1.5 금리8.0%"", ""note"": ""레버리지 사전선언""}",0.2211,-0.3363,1.011,0.2288,2194,"{'2017': 0.004, '2018': 0.048, '2019': 0.285, '2020': 0.354, '2021': 0.425, '2022': -0.18, '2023': 0.111, '2024': 0.016, '2025': 0.723, '2026': 0.432}"
2026-09-25 08:56:56,"{""name"": ""LEV S40+DAA30+PP30 x2.0 금리3.5%"", ""note"": ""레버리지 사전선언""}",0.3124,-0.4235,1.069,0.305,2194,"{'2017': 0.009, '2018': 0.075, '2019': 0.415, '2020': 0.499, '2021': 0.622, '2022': -0.226, '2023': 0.166, '2024': 0.033, '2025': 1.082, '2026': 0.569}"
2026-09-25 08:56:56,"{""name"": ""LEV S40+DAA30+PP30 x2.0 금리8.0%"", ""note"": ""레버리지 사전선언""}",0.2562,-0.4278,0.921,0.305,2194,"{'2017': -0.0, '2018': 0.029, '2019': 0.354, '2020': 0.434, '2021': 0.552, '2022': -0.26, '2023': 0.116, '2024': -0.011, '2025': 0.994, '2026': 0.52}"
2026-09-25 08:56:56,"{""name"": ""LEV S40+DAA30+PP30 x2.5 금리3.5%"", ""note"": ""레버리지 사전선언""}",0.3715,-0.5031,1.043,0.3813,2194,"{'2017': 0.009, '2018': 0.074, '2019': 0.521, '2020': 0.61, '2021': 0.8, '2022': -0.29, '2023': 0.194, '2024': 0.023, '2025': 1.449, '2026': 0.657}"
2026-09-25 08:56:56,"{""name"": ""LEV S40+DAA30+PP30 x2.5 금리8.0%"", ""note"": ""레버리지 사전선언""}",0.2843,-0.5086,0.866,0.3813,2194,"{'2017': -0.005, '2018': 0.006, '2019': 0.425, '2020': 0.506, '2021': 0.685, '2022': -0.335, '2023': 0.118, '2024': -0.041, '2025': 1.296, '2026': 0.58}"
2026-09-25 08:56:56,"{""name"": ""LEV S50+DAA50 x1.0 금리0.0%"", ""note"": ""레버리지 사전선언""}",0.2099,-0.2753,1.152,0.1847,2194,"{'2017': 0.009, '2018': 0.083, '2019': 0.235, '2020': 0.32, '2021': 0.374, '2022': -0.098, '2023': 0.1, '2024': 0.026, '2025': 0.588, '2026': 0.388}"
2026-09-25 08:56:57,"{""name"": ""LEV S50+DAA50 x1.5 금리3.5%"", ""note"": ""레버리지 사전선언""}",0.2911,-0.3917,1.086,0.2771,2194,"{'2017': 0.01, '2018': 0.098, '2019': 0.342, '2020': 0.465, '2021': 0.571, '2022': -0.165, '2023': 0.129, '2024': 0.014, '2025': 0.947, '2026': 0.54}"
2026-09-25 08:56:57,"{""name"": ""LEV S50+DAA50 x1.5 금리8.0%"", ""note"": ""레버리지 사전선언""}",0.2632,-0.3932,1.005,0.2771,2194,"{'2017': 0.005, '2018': 0.074, '2019': 0.312, '2020': 0.433, '2021': 0.537, '2022': -0.183, '2023': 0.104, '2024': -0.008, '2025': 0.905, '2026': 0.515}"
2026-09-25 08:56:57,"{""name"": ""LEV S50+DAA50 x2.0 금리3.5%"", ""note"": ""레버리지 사전선언""}",0.3655,-0.4938,1.052,0.3695,2194,"{'2017': 0.01, '2018': 0.107, '2019': 0.453, '2020': 0.608, '2021': 0.788, '2022': -0.233, '2023': 0.155, '2024': -0.002, '2025': 1.37, '2026': 0.653}"
2026-09-25 08:56:57,"{""name"": ""LEV S50+DAA50 x2.0 금리8.0%"", ""note"": ""레버리지 사전선언""}",0.307,-0.4963,0.93,0.3695,2194,"{'2017': 0.001, '2018': 0.06, '2019': 0.391, '2020': 0.538, '2021': 0.711, '2022': -0.266, '2023': 0.105, '2024': -0.045, '2025': 1.27, '2026': 0.601}"
2026-09-25 08:56:57,"{""name"": ""LEV S50+DAA50 x2.5 금리3.5%"", ""note"": ""레버리지 사전선언""}",0.4311,-0.5825,1.03,0.4619,2194,"{'2017': 0.01, '2018': 0.11, '2019': 0.568, '2020': 0.743, '2021': 1.025, '2022': -0.299, '2023': 0.178, '2024': -0.024, '2025': 1.863, '2026': 0.718}"
2026-09-25 08:56:57,"{""name"": ""LEV S50+DAA50 x2.5 금리8.0%"", ""note"": ""레버리지 사전선언""}",0.3401,-0.5856,0.884,0.4619,2194,"{'2017': -0.004, '2018': 0.04, '2019': 0.468, '2020': 0.631, '2021': 0.895, '2022': -0.344, '2023': 0.104, '2024': -0.085, '2025': 1.684, '2026': 0.637}"
2026-09-25 08:56:57,"{""name"": ""LEV S126_40+DAA30+PP30 (편향제거) x1.0 금리0.0%"", ""note"": ""레버리지 사전선언""}",0.1468,-0.233,1.002,0.1518,2194,"{'2017': 0.0, '2018': 0.112, '2019': 0.203, '2020': 0.187, '2021': 0.257, '2022': -0.107, '2023': 0.063, '2024': -0.006, '2025': 0.366, '2026': 0.322}"
2026-09-25 08:56:57,"{""name"": ""LEV S126_40+DAA30+PP30 (편향제거) x1.5 금리3.5%"", ""note"": ""레버리지 사전선언""}",0.1964,-0.3338,0.923,0.2277,2194,"{'2017': -0.003, '2018': 0.145, '2019': 0.293, '2020': 0.255, '2021': 0.379, '2022': -0.176, '2023': 0.073, '2024': -0.031, '2025': 0.559, '2026': 0.455}"
2026-09-25 08:56:58,"{""name"": ""LEV S126_40+DAA30+PP30 (편향제거) x1.5 금리8.0%"", ""note"": ""레버리지 사전선언""}",0.1704,-0.3363,0.824,0.2277,2194,"{'2017': -0.008, '2018': 0.121, '2019': 0.264, '2020': 0.227, '2021': 0.349, '2022': -0.194, '2023': 0.05, '2024': -0.051, '2025': 0.525, '2026': 0.432}"
2026-09-25 08:56:58,"{""name"": ""LEV S126_40+DAA30+PP30 (편향제거) x2.0 금리3.5%"", ""note"": ""레버리지 사전선언""}",0.2405,-0.4235,0.882,0.3036,2194,"{'2017': -0.007, '2018': 0.175, '2019': 0.385, '2020': 0.315, '2021': 0.507, '2022': -0.243, '2023': 0.082, '2024': -0.058, '2025': 0.77, '2026': 0.569}"
2026-09-25 08:56:58,"{""name"": ""LEV S126_40+DAA30+PP30 (편향제거) x2.0 금리8.0%"", ""note"": ""레버리지 사전선언""}",0.1874,-0.4636,0.733,0.3036,2194,"{'2017': -0.016, '2018': 0.125, '2019': 0.326, '2020': 0.258, '2021': 0.442, '2022': -0.276, '2023': 0.035, '2024': -0.098, '2025': 0.695, '2026': 0.52}"
2026-09-25 08:56:58,"{""name"": ""LEV S126_40+DAA30+PP30 (편향제거) x2.5 금리3.5%"", ""note"": ""레버리지 사전선언""}",0.2784,-0.5031,0.856,0.3795,2194,"{'2017': -0.011, '2018': 0.201, '2019': 0.482, '2020': 0.366, '2021': 0.642, '2022': -0.308, '2023': 0.088, '2024': -0.087, '2025': 1.0, '2026': 0.657}"
2026-09-25 08:56:58,"{""name"": ""LEV S126_40+DAA30+PP30 (편향제거) x2.5 금리8.0%"", ""note"": ""레버리지 사전선언""}",0.1971,-0.5858,0.678,0.3795,2194,"{'2017': -0.025, '2018': 0.125, '2019': 0.387, '2020': 0.278, '2021': 0.537, '2022': -0.352, '2023': 0.019, '2024': -0.145, '2025': 0.874, '2026': 0.58}"
2026-09-25 09:02:44,"{""name"": ""R5 기준: S126_40+DAA30+PP30 x1"", ""note"": ""5차 사전선언""}",0.1468,-0.233,1.002,0.1518,2194,"{'2017': 0.0, '2018': 0.112, '2019': 0.203, '2020': 0.187, '2021': 0.257, '2022': -0.107, '2023': 0.063, '2024': -0.006, '2025': 0.366, '2026': 0.322}"
2026-09-25 09:02:44,"{""name"": ""R5 #1 조건부레버리지 Lmax1.5 금리4%"", ""note"": ""5차 사전선언""}",0.1659,-0.2957,0.941,0.1858,2194,"{'2017': 0.0, '2018': 0.077, '2019': 0.256, '2020': 0.22, '2021': 0.376, '2022': -0.16, '2023': 0.022, '2024': -0.056, '2025': 0.542, '2026': 0.387}"
2026-09-25 09:02:45,"{""name"": ""R5 #1 조건부레버리지 Lmax1.5 금리8%"", ""note"": ""5차 사전선언""}",0.1524,-0.3009,0.877,0.1858,2194,"{'2017': 0.0, '2018': 0.072, '2019': 0.234, '2020': 0.203, '2021': 0.349, '2022': -0.166, '2023': 0.013, '2024': -0.071, '2025': 0.521, '2026': 0.384}"
2026-09-25 09:02:45,"{""name"": ""R5 #1 조건부레버리지 Lmax2.0 금리4%"", ""note"": ""5차 사전선언""}",0.162,-0.3885,0.821,0.2167,2194,"{'2017': 0.0, '2018': 0.043, '2019': 0.309, '2020': 0.176, '2021': 0.493, '2022': -0.208, '2023': -0.018, '2024': -0.108, '2025': 0.655, '2026': 0.388}"
2026-09-25 09:02:45,"{""name"": ""R5 #1 조건부레버리지 Lmax2.0 금리8%"", ""note"": ""5차 사전선언""}",0.1371,-0.4375,0.718,0.2167,2194,"{'2017': 0.0, '2018': 0.036, '2019': 0.264, '2020': 0.149, '2021': 0.436, '2022': -0.219, '2023': -0.035, '2024': -0.135, '2025': 0.616, '2026': 0.384}"
2026-09-25 09:02:45,"{""name"": ""R5 #1 조건부레버리지 Lmax2.5 금리4%"", ""note"": ""5차 사전선언""}",0.1448,-0.4887,0.706,0.2365,2194,"{'2017': 0.0, '2018': 0.007, '2019': 0.335, '2020': 0.148, '2021': 0.48, '2022': -0.244, '2023': -0.047, '2024': -0.167, '2025': 0.757, '2026': 0.388}"
2026-09-25 09:02:45,"{""name"": ""R5 #1 조건부레버리지 Lmax2.5 금리8%"", ""note"": ""5차 사전선언""}",0.113,-0.5431,0.584,0.2366,2194,"{'2017': 0.0, '2018': -0.003, '2019': 0.271, '2020': 0.117, '2021': 0.411, '2022': -0.257, '2023': -0.07, '2024': -0.201, '2025': 0.703, '2026': 0.384}"
2026-09-25 09:02:46,"{""name"": ""R5 #2 글로벌 단일자산 모멘텀 2x (2005~, 미국)"", ""note"": ""5차 사전선언""}",0.132,-0.6433,0.513,0.3956,5445,"{'2005': 0.365, '2006': 0.104, '2007': 0.34, '2008': 0.028, '2009': -0.263, '2010': -0.093, '2011': 0.192, '2012': -0.018, '2013': 0.501, '2014': 0.324, '2015': -0.128, '2016': -0.435, '2017': 0.467, '2018': -0.202, '2019': -0.047, '2020': 0.566, '2021': 0.273, '2022': -0.385, '2023': 0.5, '2024': 0.624, '2025': 1.452, '2026': 0.129}"
2026-09-25 09:02:46,"{""name"": ""R5   └ 같은 규칙 2017-10~"", ""note"": ""5차 사전선언""}",0.2394,-0.5133,0.746,0.3929,2246,"{'2017': 0.084, '2018': -0.202, '2019': -0.047, '2020': 0.566, '2021': 0.273, '2022': -0.385, '2023': 0.5, '2024': 0.624, '2025': 1.452, '2026': 0.129}"
2026-09-25 09:02:56,"{""name"": ""R5 #3 소형가치 집중 10종목 + 전환126"", ""note"": ""5차 사전선언""}",0.2264,-0.4769,0.819,0.3177,2561,"{'2016': 0.164, '2017': 0.177, '2018': 0.088, '2019': 0.492, '2020': 0.017, '2021': 0.994, '2022': -0.216, '2023': 0.105, '2024': -0.205, '2025': 0.446, '2026': 0.872}"
2026-09-25 09:03:02,"{""name"": ""R5 #4 한국 섹터 ETF 모멘텀 상위2"", ""note"": ""5차 사전선언""}",0.1608,-0.5135,0.687,0.2798,2561,"{'2016': 0.006, '2017': 0.256, '2018': -0.053, '2019': -0.051, '2020': 0.118, '2021': -0.027, '2022': -0.133, '2023': 0.206, '2024': 0.227, '2025': 0.484, '2026': 1.016}"
2026-09-25 10:10:21,"{""name"": ""R5 S126(기준)"", ""note"": ""5차 사전선언""}",0.226,-0.4951,0.858,0.2946,2561,"{'2016': 0.121, '2017': 0.122, '2018': 0.237, '2019': 0.353, '2020': 0.263, '2021': 0.645, '2022': -0.188, '2023': -0.014, '2024': -0.192, '2025': 0.584, '2026': 0.872}"
2026-09-25 10:10:21,"{""name"": ""R5 T1 hold_buffer"", ""note"": ""5차 사전선언""}",0.2024,-0.4879,0.79,0.295,2561,"{'2016': 0.109, '2017': 0.117, '2018': 0.249, '2019': 0.264, '2020': 0.163, '2021': 0.72, '2022': -0.162, '2023': -0.035, '2024': -0.186, '2025': 0.421, '2026': 0.872}"
2026-09-25 10:10:21,"{""name"": ""R5 T2 +trend_hold200"", ""note"": ""5차 사전선언""}",0.2175,-0.4879,0.833,0.2953,2561,"{'2016': 0.109, '2017': 0.117, '2018': 0.249, '2019': 0.264, '2020': 0.163, '2021': 0.72, '2022': -0.162, '2023': -0.035, '2024': -0.186, '2025': 0.62, '2026': 0.872}"
2026-09-25 10:10:21,"{""name"": ""R5 T3 +chandelier_losers"", ""note"": ""5차 사전선언""}",0.18,-0.4604,0.777,0.2633,2561,"{'2016': 0.043, '2017': 0.23, '2018': 0.007, '2019': 0.144, '2020': 0.191, '2021': 0.024, '2022': -0.242, '2023': 0.249, '2024': -0.094, '2025': 0.942, '2026': 0.872}"
2026-09-25 10:10:22,"{""name"": ""R5 T4 +chandelier_regime"", ""note"": ""5차 사전선언""}",0.1869,-0.4313,0.819,0.2541,2561,"{'2016': 0.043, '2017': 0.23, '2018': 0.164, '2019': -0.007, '2020': 0.356, '2021': 0.065, '2022': -0.228, '2023': 0.098, '2024': -0.094, '2025': 0.942, '2026': 0.872}"
2026-09-25 10:10:22,"{""name"": ""R5 T5 vol_breakout(122630)"", ""note"": ""5차 사전선언""}",0.098,-0.4657,0.518,0.2424,2999,"{'2014': -0.073, '2015': -0.048, '2016': -0.011, '2017': 0.157, '2018': 0.015, '2019': 0.065, '2020': 0.891, '2021': -0.095, '2022': -0.249, '2023': 0.121, '2024': -0.191, '2025': 0.225, '2026': 1.011}"
2026-09-25 10:10:22,"{""name"": ""R5 T6 rsi2_mr(069500)"", ""note"": ""5차 사전선언""}",0.0357,-0.2147,0.315,0.1477,2999,"{'2014': 0.0, '2015': -0.099, '2016': 0.033, '2017': 0.086, '2018': -0.055, '2019': -0.018, '2020': -0.086, '2021': 0.122, '2022': 0.0, '2023': -0.044, '2024': -0.097, '2025': 0.119, '2026': 0.654}"
2026-09-25 10:10:23,"{""name"": ""R5 T7 donchian(069500)"", ""note"": ""5차 사전선언""}",0.0878,-0.2782,0.633,0.156,2999,"{'2014': 0.0, '2015': -0.012, '2016': -0.055, '2017': 0.205, '2018': -0.069, '2019': -0.013, '2020': 0.291, '2021': -0.006, '2022': 0.0, '2023': -0.019, '2024': -0.1, '2025': 0.448, '2026': 0.649}"
2026-09-25 10:10:23,"{""name"": ""R5 T9 accel"", ""note"": ""5차 사전선언""}",0.2216,-0.5903,0.839,0.2982,2561,"{'2016': 0.121, '2017': 0.122, '2018': 0.039, '2019': -0.013, '2020': 0.337, '2021': 0.902, '2022': -0.197, '2023': 0.219, '2024': -0.094, '2025': 0.482, '2026': 0.872}"
2026-09-25 10:10:27,"{""name"": ""R5 T10"", ""note"": ""5차 사전선언""}",0.1682,-0.2836,0.922,0.1935,2194,"{'2017': -0.007, '2018': 0.129, '2019': 0.155, '2020': 0.196, '2021': 0.334, '2022': -0.088, '2023': 0.013, '2024': -0.076, '2025': 0.484, '2026': 0.534}"
2026-09-25 10:10:27,"{""name"": ""R5 T12"", ""note"": ""5차 사전선언""}",0.1814,-0.3269,0.896,0.2174,2194,"{'2017': -0.011, '2018': 0.151, '2019': 0.171, '2020': 0.196, '2021': 0.404, '2022': -0.1, '2023': -0.001, '2024': -0.108, '2025': 0.518, '2026': 0.63}"
2026-09-25 10:28:13,"{""name"": ""R5 T3b 손실종목만 손절(매수가 기준·22일 유예)"", ""note"": ""5차 사전선언""}",0.1272,-0.602,0.581,0.2782,2561,"{'2016': 0.067, '2017': 0.151, '2018': 0.159, '2019': -0.034, '2020': -0.004, '2021': 0.079, '2022': -0.352, '2023': 0.107, '2024': -0.094, '2025': 0.942, '2026': 0.872}"
2026-09-25 10:28:31,"{""name"": ""R5 T4b 국면별 손절(매수가 기준·22일 유예)"", ""note"": ""5차 사전선언""}",0.1838,-0.5018,0.783,0.2667,2561,"{'2016': 0.067, '2017': 0.151, '2018': 0.156, '2019': 0.144, '2020': 0.044, '2021': 0.089, '2022': -0.147, '2023': 0.121, '2024': -0.094, '2025': 0.942, '2026': 0.872}"
2026-09-25 13:38:24,"{""name"": ""R7 ALL-large-mom"", ""note"": ""7차 mom large ALL""}",0.0434,-0.5473,0.296,0.3155,2561,"{'2016': -0.183, '2017': 0.09, '2018': -0.122, '2019': -0.094, '2020': 0.692, '2021': -0.06, '2022': -0.336, '2023': 0.068, '2024': 0.041, '2025': 0.814, '2026': 0.032}",7.36
2026-09-25 13:38:34,"{""name"": ""R7 ALL-large-h52"", ""note"": ""7차 h52 large ALL""}",-0.0382,-0.6578,-0.047,0.2393,2561,"{'2016': -0.098, '2017': 0.043, '2018': -0.308, '2019': -0.164, '2020': 0.446, '2021': -0.086, '2022': -0.339, '2023': -0.01, '2024': -0.199, '2025': 0.613, '2026': 0.093}",14.32
2026-09-25 13:38:42,"{""name"": ""R7 ALL-large-brk"", ""note"": ""7차 brk large ALL""}",-0.0441,-0.7264,-0.061,0.2494,2561,"{'2016': -0.217, '2017': 0.005, '2018': -0.301, '2019': -0.204, '2020': 0.144, '2021': 0.155, '2022': -0.28, '2023': 0.137, '2024': -0.084, '2025': 0.341, '2026': 0.073}",21.0
2026-09-25 13:38:51,"{""name"": ""R7 ALL-large-rev"", ""note"": ""7차 rev large ALL""}",-0.097,-0.7571,-0.252,0.2704,2561,"{'2016': -0.189, '2017': 0.006, '2018': -0.12, '2019': -0.18, '2020': 0.153, '2021': -0.145, '2022': -0.308, '2023': -0.101, '2024': -0.201, '2025': 0.3, '2026': -0.081}",20.29
2026-09-25 13:39:01,"{""name"": ""R7 ALL-large-dd5"", ""note"": ""7차 dd5 large ALL""}",-0.111,-0.7789,-0.316,0.268,2561,"{'2016': -0.157, '2017': -0.083, '2018': -0.245, '2019': -0.132, '2020': 0.028, '2021': -0.243, '2022': -0.187, '2023': -0.021, '2024': -0.184, '2025': 0.288, '2026': -0.113}",20.3
2026-09-25 13:39:11,"{""name"": ""R7 ALL-large-low52"", ""note"": ""7차 low52 large ALL""}",-0.041,-0.6179,-0.108,0.2048,2561,"{'2016': -0.08, '2017': 0.081, '2018': -0.178, '2019': -0.166, '2020': 0.065, '2021': 0.075, '2022': -0.084, '2023': -0.035, '2024': -0.246, '2025': 0.239, '2026': 0.001}",11.84
2026-09-25 13:39:21,"{""name"": ""R7 ALL-large-ma120"", ""note"": ""7차 ma120 large ALL""}",-0.0363,-0.5555,-0.033,0.245,2561,"{'2016': -0.066, '2017': 0.08, '2018': -0.01, '2019': -0.031, '2020': 0.14, '2021': -0.064, '2022': -0.189, '2023': -0.067, '2024': -0.211, '2025': 0.099, '2026': 0.002}",10.81
2026-09-25 13:39:31,"{""name"": ""R7 ALL-mid-mom"", ""note"": ""7차 mom mid ALL""}",-0.1361,-0.8882,-0.227,0.3659,2561,"{'2016': -0.148, '2017': 0.13, '2018': -0.224, '2019': -0.163, '2020': 0.004, '2021': -0.252, '2022': -0.593, '2023': -0.048, '2024': -0.124, '2025': 0.539, '2026': -0.115}",9.01
2026-09-25 13:39:43,"{""name"": ""R7 ALL-mid-h52"", ""note"": ""7차 h52 mid ALL""}",-0.1031,-0.7998,-0.25,0.2845,2561,"{'2016': -0.103, '2017': -0.023, '2018': -0.402, '2019': -0.232, '2020': 0.148, '2021': 0.193, '2022': -0.206, '2023': -0.176, '2024': -0.282, '2025': 0.217, '2026': 0.019}",17.71
2026-09-25 13:39:53,"{""name"": ""R7 ALL-mid-brk"", ""note"": ""7차 brk mid ALL""}",-0.1988,-0.9324,-0.513,0.3349,2561,"{'2016': -0.259, '2017': -0.138, '2018': -0.414, '2019': -0.255, '2020': -0.186, '2021': 0.193, '2022': -0.493, '2023': -0.037, '2024': -0.447, '2025': 0.113, '2026': 0.215}",22.4
2026-09-25 13:40:05,"{""name"": ""R7 ALL-mid-rev"", ""note"": ""7차 rev mid ALL""}",-0.1939,-0.9237,-0.55,0.3129,2561,"{'2016': -0.247, '2017': 0.09, '2018': -0.262, '2019': -0.259, '2020': -0.028, '2021': -0.099, '2022': -0.49, '2023': -0.048, '2024': -0.278, '2025': 0.113, '2026': -0.312}",20.89
2026-09-25 13:40:16,"{""name"": ""R7 ALL-mid-dd5"", ""note"": ""7차 dd5 mid ALL""}",-0.2707,-0.9644,-0.964,0.2917,2561,"{'2016': -0.412, '2017': -0.123, '2018': -0.462, '2019': -0.284, '2020': 0.056, '2021': -0.136, '2022': -0.402, '2023': -0.295, '2024': -0.316, '2025': 0.217, '2026': -0.418}",19.94
2026-09-25 13:40:28,"{""name"": ""R7 ALL-mid-low52"", ""note"": ""7차 low52 mid ALL""}",-0.1871,-0.8937,-0.882,0.2148,2561,"{'2016': -0.288, '2017': -0.084, '2018': -0.231, '2019': -0.3, '2020': -0.034, '2021': -0.112, '2022': -0.371, '2023': -0.074, '2024': -0.159, '2025': -0.017, '2026': -0.208}",15.2
2026-09-25 13:40:41,"{""name"": ""R7 ALL-mid-ma120"", ""note"": ""7차 ma120 mid ALL""}",-0.1463,-0.872,-0.376,0.3069,2561,"{'2016': -0.255, '2017': 0.089, '2018': -0.244, '2019': -0.098, '2020': 0.198, '2021': -0.144, '2022': -0.406, '2023': 0.002, '2024': -0.281, '2025': 0.069, '2026': -0.261}",12.4
2026-09-25 13:40:51,"{""name"": ""R7 ALL-small-mom"", ""note"": ""7차 mom small ALL""}",-0.3008,-0.9842,-0.872,0.3505,2561,"{'2016': -0.27, '2017': -0.279, '2018': -0.332, '2019': -0.406, '2020': 0.037, '2021': -0.387, '2022': -0.498, '2023': 0.014, '2024': -0.371, '2025': -0.096, '2026': -0.379}",10.81
2026-09-25 13:41:05,"{""name"": ""R7 ALL-small-h52"", ""note"": ""7차 h52 small ALL""}",-0.2873,-0.9739,-0.991,0.3038,2561,"{'2016': -0.274, '2017': -0.362, '2018': -0.425, '2019': -0.284, '2020': -0.256, '2021': 0.073, '2022': -0.462, '2023': -0.303, '2024': -0.447, '2025': 0.408, '2026': -0.343}",19.36
2026-09-25 13:41:18,"{""name"": ""R7 ALL-small-brk"", ""note"": ""7차 brk small ALL""}",-0.3321,-0.9876,-1.022,0.3465,2561,"{'2016': -0.319, '2017': -0.084, '2018': -0.361, '2019': -0.355, '2020': -0.028, '2021': -0.214, '2022': -0.64, '2023': -0.429, '2024': -0.601, '2025': 0.046, '2026': -0.122}",21.59
2026-09-25 13:41:27,"{""name"": ""R7 ALL-small-rev"", ""note"": ""7차 rev small ALL""}",-0.2975,-0.9824,-0.839,0.3559,2561,"{'2016': -0.256, '2017': -0.228, '2018': -0.231, '2019': -0.335, '2020': -0.148, '2021': -0.179, '2022': -0.498, '2023': -0.233, '2024': -0.391, '2025': -0.027, '2026': -0.465}",22.24
2026-09-25 13:41:36,"{""name"": ""R7 ALL-small-dd5"", ""note"": ""7차 dd5 small ALL""}",-0.3852,-0.9949,-1.283,0.3428,2561,"{'2016': -0.27, '2017': -0.44, '2018': -0.486, '2019': -0.359, '2020': 0.275, '2021': -0.361, '2022': -0.562, '2023': -0.421, '2024': -0.375, '2025': -0.416, '2026': -0.386}",22.51
2026-09-25 13:41:45,"{""name"": ""R7 ALL-small-low52"", ""note"": ""7차 low52 small ALL""}",-0.25,-0.9535,-0.979,0.2653,2561,"{'2016': -0.32, '2017': -0.205, '2018': -0.274, '2019': -0.158, '2020': 0.101, '2021': -0.273, '2022': -0.49, '2023': -0.092, '2024': -0.401, '2025': -0.076, '2026': -0.267}",19.1
2026-09-25 13:41:54,"{""name"": ""R7 ALL-small-ma120"", ""note"": ""7차 ma120 small ALL""}",-0.1985,-0.9264,-0.517,0.3322,2561,"{'2016': -0.206, '2017': -0.119, '2018': -0.161, '2019': -0.263, '2020': -0.035, '2021': -0.068, '2022': -0.349, '2023': -0.009, '2024': -0.433, '2025': 0.071, '2026': -0.347}",13.85
2026-09-25 13:42:01,"{""name"": ""R7 ALL-micro-mom"", ""note"": ""7차 mom micro ALL""}",-0.2971,-0.9788,-1.062,0.2984,2561,"{'2016': -0.17, '2017': -0.447, '2018': -0.217, '2019': -0.207, '2020': 0.024, '2021': -0.351, '2022': -0.338, '2023': -0.27, '2024': -0.282, '2025': -0.458, '2026': -0.292}",11.84
2026-09-25 13:42:09,"{""name"": ""R7 ALL-micro-h52"", ""note"": ""7차 h52 micro ALL""}",0.0083,-0.9438,0.275,5.9088,2561,"{'2016': -0.168, '2017': -0.388, '2018': -0.195, '2019': 0.242, '2020': -0.107, '2021': -0.132, '2022': -0.429, '2023': -0.366, '2024': -0.412, '2025': -0.165, '2026': 14.524}",20.16
2026-09-25 13:42:17,"{""name"": ""R7 ALL-micro-brk"", ""note"": ""7차 brk micro ALL""}",-0.3928,-0.9948,-1.253,0.3574,2561,"{'2016': -0.245, '2017': -0.422, '2018': -0.281, '2019': -0.259, '2020': -0.023, '2021': -0.062, '2022': -0.694, '2023': -0.476, '2024': -0.632, '2025': -0.215, '2026': -0.447}",22.9
2026-09-25 13:42:35,"{""name"": ""R7 ALL-micro-rev"", ""note"": ""7차 rev micro ALL""}",-0.2613,-0.96,-1.711,0.1729,2561,"{'2016': -0.215, '2017': -0.193, '2018': -0.311, '2019': -0.364, '2020': -0.253, '2021': -0.171, '2022': -0.332, '2023': -0.208, '2024': -0.205, '2025': -0.256, '2026': -0.215}",9.43
2026-09-25 13:42:56,"{""name"": ""R7 ALL-micro-dd5"", ""note"": ""7차 dd5 micro ALL""}",-0.2504,-0.952,-1.478,0.1881,2561,"{'2016': -0.194, '2017': -0.394, '2018': -0.284, '2019': -0.236, '2020': -0.026, '2021': -0.269, '2022': -0.362, '2023': -0.182, '2024': -0.186, '2025': -0.163, '2026': -0.27}",11.65
2026-09-25 13:43:22,"{""name"": ""R7 ALL-micro-low52"", ""note"": ""7차 low52 micro ALL""}",-0.2389,-0.947,-1.458,0.1809,2561,"{'2016': -0.277, '2017': -0.192, '2018': -0.252, '2019': -0.213, '2020': -0.282, '2021': -0.02, '2022': -0.371, '2023': -0.26, '2024': -0.299, '2025': 0.02, '2026': -0.281}",11.99
2026-09-25 13:43:48,"{""name"": ""R7 ALL-micro-ma120"", ""note"": ""7차 ma120 micro ALL""}",-0.1951,-0.9137,-1.212,0.1717,2561,"{'2016': -0.207, '2017': -0.129, '2018': -0.174, '2019': -0.147, '2020': -0.27, '2021': -0.204, '2022': -0.364, '2023': -0.028, '2024': -0.044, '2025': -0.166, '2026': -0.258}",5.65
2026-09-25 13:44:43,"{""name"": ""R7 KOSPI-large-mom"", ""note"": ""7차 mom large KOSPI""}",0.0756,-0.582,0.416,0.263,2561,"{'2016': -0.092, '2017': 0.22, '2018': -0.229, '2019': -0.104, '2020': 0.193, '2021': 0.022, '2022': -0.217, '2023': 0.021, '2024': 0.134, '2025': 0.76, '2026': 0.436}",5.69
2026-09-25 13:45:47,"{""name"": ""R7 KOSPI-large-h52"", ""note"": ""7차 h52 large KOSPI""}",0.0557,-0.5961,0.362,0.2209,2561,"{'2016': -0.045, '2017': 0.163, '2018': -0.295, '2019': -0.129, '2020': 0.212, '2021': 0.111, '2022': -0.261, '2023': 0.087, '2024': 0.058, '2025': 0.566, '2026': 0.439}",8.36
2026-09-25 13:46:41,"{""name"": ""R7 KOSPI-large-brk"", ""note"": ""7차 brk large KOSPI""}",-0.0267,-0.7352,0.049,0.2917,2561,"{'2016': 0.042, '2017': 0.024, '2018': -0.296, '2019': -0.133, '2020': -0.164, '2021': 0.073, '2022': -0.199, '2023': -0.056, '2024': -0.271, '2025': 0.455, '2026': 0.606}",20.61
2026-09-25 13:47:38,"{""name"": ""R7 KOSPI-large-rev"", ""note"": ""7차 rev large KOSPI""}",0.006,-0.6088,0.149,0.2473,2561,"{'2016': -0.1, '2017': 0.178, '2018': -0.192, '2019': -0.038, '2020': -0.093, '2021': 0.14, '2022': -0.166, '2023': -0.019, '2024': -0.052, '2025': 0.602, '2026': 0.004}",16.76
2026-09-25 13:48:08,"{""name"": ""R7 KOSPI-large-dd5"", ""note"": ""7차 dd5 large KOSPI""}",-0.013,-0.6746,0.064,0.2395,2561,"{'2016': -0.107, '2017': 0.173, '2018': -0.317, '2019': -0.102, '2020': -0.033, '2021': -0.111, '2022': -0.134, '2023': -0.002, '2024': -0.023, '2025': 0.515, '2026': 0.236}",16.8
2026-09-25 13:48:42,"{""name"": ""R7 KOSPI-large-low52"", ""note"": ""7차 low52 large KOSPI""}",0.0348,-0.5571,0.273,0.2085,2561,"{'2016': -0.006, '2017': 0.149, '2018': -0.169, '2019': -0.038, '2020': -0.018, '2021': 0.158, '2022': -0.209, '2023': 0.085, '2024': 0.01, '2025': 0.436, '2026': 0.106}",7.11
2026-09-25 13:49:21,"{""name"": ""R7 KOSPI-large-ma120"", ""note"": ""7차 ma120 large KOSPI""}",0.0004,-0.5322,0.12,0.2366,2561,"{'2016': -0.105, '2017': 0.139, '2018': -0.093, '2019': 0.01, '2020': -0.017, '2021': 0.016, '2022': -0.168, '2023': 0.036, '2024': -0.145, '2025': 0.399, '2026': 0.042}",8.7
2026-09-25 13:50:00,"{""name"": ""R7 KOSPI-mid-mom"", ""note"": ""7차 mom mid KOSPI""}",0.0258,-0.6696,0.238,0.2987,2561,"{'2016': -0.171, '2017': -0.073, '2018': -0.084, '2019': -0.17, '2020': 0.548, '2021': -0.202, '2022': -0.296, '2023': 0.249, '2024': 0.078, '2025': 0.574, '2026': 0.21}",8.04
2026-09-25 13:50:22,"{""name"": ""R7 KOSPI-mid-h52"", ""note"": ""7차 h52 mid KOSPI""}",-0.0668,-0.7222,-0.189,0.2324,2561,"{'2016': -0.2, '2017': 0.16, '2018': -0.256, '2019': -0.28, '2020': 0.131, '2021': 0.028, '2022': -0.201, '2023': -0.132, '2024': -0.135, '2025': 0.356, '2026': 0.034}",12.52
2026-09-25 13:50:32,"{""name"": ""R7 KOSPI-mid-brk"", ""note"": ""7차 brk mid KOSPI""}",-0.1214,-0.8531,-0.308,0.2926,2561,"{'2016': -0.285, '2017': -0.105, '2018': -0.236, '2019': -0.299, '2020': -0.006, '2021': -0.066, '2022': -0.459, '2023': 0.02, '2024': -0.07, '2025': 0.288, '2026': 0.232}",21.87
2026-09-25 13:50:40,"{""name"": ""R7 KOSPI-mid-rev"", ""note"": ""7차 rev mid KOSPI""}",-0.1649,-0.8947,-0.534,0.2752,2561,"{'2016': -0.232, '2017': -0.15, '2018': -0.288, '2019': -0.24, '2020': 0.132, '2021': -0.233, '2022': -0.317, '2023': -0.121, '2024': -0.245, '2025': 0.144, '2026': -0.042}",20.23
2026-09-25 13:50:49,"{""name"": ""R7 KOSPI-mid-dd5"", ""note"": ""7차 dd5 mid KOSPI""}",-0.2003,-0.9212,-0.745,0.2619,2561,"{'2016': -0.249, '2017': -0.23, '2018': -0.345, '2019': -0.177, '2020': 0.081, '2021': -0.303, '2022': -0.297, '2023': -0.086, '2024': -0.353, '2025': 0.102, '2026': -0.099}",19.91
2026-09-25 13:50:57,"{""name"": ""R7 KOSPI-mid-low52"", ""note"": ""7차 low52 mid KOSPI""}",-0.0876,-0.7341,-0.337,0.2124,2561,"{'2016': -0.18, '2017': 0.021, '2018': -0.213, '2019': -0.152, '2020': -0.104, '2021': 0.043, '2022': -0.163, '2023': -0.085, '2024': -0.262, '2025': 0.275, '2026': 0.02}",11.16
2026-09-25 13:51:05,"{""name"": ""R7 KOSPI-mid-ma120"", ""note"": ""7차 ma120 mid KOSPI""}",-0.0703,-0.7076,-0.153,0.2629,2561,"{'2016': -0.177, '2017': -0.053, '2018': -0.15, '2019': -0.113, '2020': 0.105, '2021': -0.033, '2022': -0.215, '2023': 0.016, '2024': -0.294, '2025': 0.252, '2026': 0.054}",11.33
2026-09-25 13:51:11,"{""name"": ""R7 KOSPI-small-mom"", ""note"": ""7차 mom small KOSPI""}",-0.1122,-0.8245,-0.266,0.2948,2561,"{'2016': -0.153, '2017': 0.084, '2018': -0.436, '2019': -0.124, '2020': 0.119, '2021': -0.237, '2022': -0.254, '2023': -0.016, '2024': -0.178, '2025': 0.433, '2026': -0.137}",8.63
2026-09-25 13:51:19,"{""name"": ""R7 KOSPI-small-h52"", ""note"": ""7차 h52 small KOSPI""}",-0.1519,-0.8399,-0.621,0.2297,2561,"{'2016': -0.158, '2017': -0.129, '2018': -0.298, '2019': -0.157, '2020': -0.016, '2021': -0.024, '2022': -0.245, '2023': -0.112, '2024': -0.27, '2025': 0.112, '2026': -0.211}",13.98
2026-09-25 13:51:25,"{""name"": ""R7 KOSPI-small-brk"", ""note"": ""7차 brk small KOSPI""}",-0.2061,-0.9273,-0.562,0.3282,2561,"{'2016': -0.296, '2017': -0.26, '2018': -0.293, '2019': -0.333, '2020': 0.473, '2021': 0.039, '2022': -0.579, '2023': -0.028, '2024': -0.429, '2025': 0.01, '2026': 0.013}",21.06
2026-09-25 13:51:32,"{""name"": ""R7 KOSPI-small-rev"", ""note"": ""7차 rev small KOSPI""}",-0.2398,-0.9561,-0.883,0.2754,2561,"{'2016': -0.268, '2017': -0.143, '2018': -0.342, '2019': -0.201, '2020': -0.168, '2021': -0.196, '2022': -0.418, '2023': -0.129, '2024': -0.33, '2025': 0.024, '2026': -0.254}",20.06
2026-09-25 13:51:38,"{""name"": ""R7 KOSPI-small-dd5"", ""note"": ""7차 dd5 small KOSPI""}",-0.2733,-0.9651,-1.097,0.2661,2561,"{'2016': -0.273, '2017': -0.144, '2018': -0.502, '2019': -0.285, '2020': 0.196, '2021': -0.306, '2022': -0.32, '2023': -0.313, '2024': -0.338, '2025': -0.059, '2026': -0.333}",20.05
2026-09-25 13:51:53,"{""name"": ""R7 KOSPI-small-low52"", ""note"": ""7차 low52 small KOSPI""}",-0.2168,-0.9266,-1.116,0.2057,2561,"{'2016': -0.248, '2017': -0.051, '2018': -0.278, '2019': -0.297, '2020': -0.041, '2021': -0.146, '2022': -0.405, '2023': -0.159, '2024': -0.218, '2025': -0.15, '2026': -0.209}",13.78
2026-09-25 13:52:01,"{""name"": ""R7 KOSPI-small-ma120"", ""note"": ""7차 ma120 small KOSPI""}",-0.1591,-0.8716,-0.54,0.2644,2561,"{'2016': -0.243, '2017': -0.082, '2018': -0.206, '2019': -0.2, '2020': 0.026, '2021': -0.133, '2022': -0.313, '2023': -0.138, '2024': -0.169, '2025': 0.041, '2026': -0.187}",11.61
2026-09-25 13:52:24,"{""name"": ""R7 KOSPI-micro-mom"", ""note"": ""7차 mom micro KOSPI""}",-0.2558,-0.9603,-0.788,0.3197,2561,"{'2016': -0.153, '2017': -0.422, '2018': -0.153, '2019': -0.25, '2020': -0.032, '2021': -0.039, '2022': -0.309, '2023': -0.231, '2024': -0.3, '2025': -0.404, '2026': -0.287}",9.99
2026-09-25 13:52:58,"{""name"": ""R7 KOSPI-micro-h52"", ""note"": ""7차 h52 micro KOSPI""}",-0.2382,-0.9522,-0.863,0.2785,2561,"{'2016': -0.157, '2017': -0.238, '2018': -0.134, '2019': -0.227, '2020': -0.288, '2021': -0.073, '2022': -0.281, '2023': -0.312, '2024': -0.354, '2025': -0.237, '2026': -0.157}",16.6
2026-09-25 13:53:26,"{""name"": ""R7 KOSPI-micro-brk"", ""note"": ""7차 brk micro KOSPI""}",-0.4031,-0.9958,-1.39,0.3396,2561,"{'2016': -0.147, '2017': -0.385, '2018': -0.552, '2019': -0.434, '2020': -0.328, '2021': -0.065, '2022': -0.65, '2023': -0.49, '2024': -0.348, '2025': -0.201, '2026': -0.412}",20.77
2026-09-25 13:53:51,"{""name"": ""R7 KOSPI-micro-rev"", ""note"": ""7차 rev micro KOSPI""}",-0.3303,-0.986,-1.386,0.2702,2561,"{'2016': -0.293, '2017': -0.392, '2018': -0.241, '2019': -0.322, '2020': -0.224, '2021': -0.128, '2022': -0.508, '2023': -0.211, '2024': -0.279, '2025': -0.37, '2026': -0.423}",17.24
2026-09-25 13:54:11,"{""name"": ""R7 KOSPI-micro-dd5"", ""note"": ""7차 dd5 micro KOSPI""}",-0.3134,-0.9805,-1.272,0.2736,2561,"{'2016': -0.271, '2017': -0.357, '2018': -0.334, '2019': -0.292, '2020': 0.144, '2021': -0.205, '2022': -0.517, '2023': -0.306, '2024': -0.253, '2025': -0.329, '2026': -0.415}",18.2
2026-09-25 13:54:32,"{""name"": ""R7 KOSPI-micro-low52"", ""note"": ""7차 low52 micro KOSPI""}",-0.2726,-0.9662,-1.325,0.227,2561,"{'2016': -0.193, '2017': -0.321, '2018': -0.357, '2019': -0.161, '2020': -0.115, '2021': -0.023, '2022': -0.432, '2023': -0.24, '2024': -0.336, '2025': -0.231, '2026': -0.36}",14.84
2026-09-25 13:54:57,"{""name"": ""R7 KOSPI-micro-ma120"", ""note"": ""7차 ma120 micro KOSPI""}",-0.1987,-0.9173,-0.768,0.2538,2561,"{'2016': -0.199, '2017': -0.01, '2018': -0.233, '2019': -0.11, '2020': -0.057, '2021': -0.076, '2022': -0.342, '2023': -0.008, '2024': -0.226, '2025': -0.279, '2026': -0.423}",10.22
2026-09-25 13:55:20,"{""name"": ""R7 KOSDAQ-large-mom"", ""note"": ""7차 mom large KOSDAQ""}",-0.017,-0.6975,0.112,0.3302,2561,"{'2016': -0.217, '2017': 0.198, '2018': 0.105, '2019': 0.008, '2020': 0.235, '2021': -0.057, '2022': -0.516, '2023': 0.039, '2024': -0.168, '2025': 0.734, '2026': -0.054}",6.93
2026-09-25 13:55:53,"{""name"": ""R7 KOSDAQ-large-h52"", ""note"": ""7차 h52 large KOSDAQ""}",-0.0346,-0.6734,0.012,0.2814,2561,"{'2016': -0.056, '2017': 0.154, '2018': -0.402, '2019': 0.051, '2020': 0.408, '2021': 0.389, '2022': -0.484, '2023': -0.165, '2024': -0.107, '2025': 0.264, '2026': 0.065}",11.25
2026-09-25 13:56:23,"{""name"": ""R7 KOSDAQ-large-brk"", ""note"": ""7차 brk large KOSDAQ""}",-0.1636,-0.8723,-0.287,0.3879,2561,"{'2016': -0.405, '2017': -0.131, '2018': -0.504, '2019': -0.077, '2020': 0.297, '2021': 0.194, '2022': -0.526, '2023': -0.002, '2024': -0.194, '2025': 0.057, '2026': 0.047}",18.66
2026-09-25 13:57:01,"{""name"": ""R7 KOSDAQ-large-rev"", ""note"": ""7차 rev large KOSDAQ""}",-0.1766,-0.8963,-0.516,0.2996,2561,"{'2016': -0.318, '2017': 0.06, '2018': -0.26, '2019': -0.278, '2020': 0.025, '2021': -0.16, '2022': -0.532, '2023': 0.136, '2024': -0.261, '2025': 0.163, '2026': -0.136}",17.4
2026-09-25 13:57:15,"{""name"": ""R7 KOSDAQ-large-dd5"", ""note"": ""7차 dd5 large KOSDAQ""}",-0.1659,-0.8743,-0.523,0.2808,2561,"{'2016': -0.321, '2017': 0.045, '2018': -0.371, '2019': -0.253, '2020': 0.471, '2021': -0.123, '2022': -0.514, '2023': -0.013, '2024': -0.206, '2025': 0.228, '2026': -0.252}",16.54
2026-09-25 13:57:42,"{""name"": ""R7 KOSDAQ-large-low52"", ""note"": ""7차 low52 large KOSDAQ""}",-0.0793,-0.6858,-0.272,0.2216,2561,"{'2016': -0.239, '2017': 0.112, '2018': -0.321, '2019': -0.162, '2020': 0.157, '2021': 0.147, '2022': -0.262, '2023': 0.136, '2024': -0.122, '2025': 0.073, '2026': -0.164}",7.59
2026-09-25 13:58:10,"{""name"": ""R7 KOSDAQ-large-ma120"", ""note"": ""7차 ma120 large KOSDAQ""}",-0.1192,-0.7745,-0.369,0.2609,2561,"{'2016': -0.187, '2017': 0.045, '2018': -0.367, '2019': -0.076, '2020': 0.3, '2021': -0.103, '2022': -0.397, '2023': 0.1, '2024': -0.199, '2025': 0.055, '2026': -0.183}",8.7
2026-09-25 13:58:32,"{""name"": ""R7 KOSDAQ-mid-mom"", ""note"": ""7차 mom mid KOSDAQ""}",-0.2172,-0.9497,-0.532,0.354,2561,"{'2016': -0.285, '2017': 0.123, '2018': -0.384, '2019': -0.117, '2020': -0.011, '2021': -0.278, '2022': -0.477, '2023': 0.064, '2024': -0.429, '2025': 0.074, '2026': -0.272}",10.45
2026-09-25 13:58:50,"{""name"": ""R7 KOSDAQ-mid-h52"", ""note"": ""7차 h52 mid KOSDAQ""}",-0.176,-0.8988,-0.445,0.3262,2561,"{'2016': -0.033, '2017': -0.139, '2018': -0.446, '2019': -0.146, '2020': -0.163, '2021': -0.075, '2022': -0.312, '2023': 0.144, '2024': -0.446, '2025': 0.236, '2026': -0.194}",17.18
2026-09-25 13:58:58,"{""name"": ""R7 KOSDAQ-mid-brk"", ""note"": ""7차 brk mid KOSDAQ""}",-0.3266,-0.9874,-0.959,0.3566,2561,"{'2016': -0.272, '2017': -0.102, '2018': -0.457, '2019': -0.404, '2020': -0.288, '2021': -0.215, '2022': -0.621, '2023': -0.117, '2024': -0.538, '2025': 0.358, '2026': -0.351}",21.77
2026-09-25 13:59:06,"{""name"": ""R7 KOSDAQ-mid-rev"", ""note"": ""7차 rev mid KOSDAQ""}",-0.321,-0.9868,-0.955,0.3512,2561,"{'2016': -0.326, '2017': -0.22, '2018': -0.385, '2019': -0.35, '2020': -0.052, '2021': -0.329, '2022': -0.483, '2023': -0.298, '2024': -0.405, '2025': 0.082, '2026': -0.438}",21.35
2026-09-25 13:59:13,"{""name"": ""R7 KOSDAQ-mid-dd5"", ""note"": ""7차 dd5 mid KOSDAQ""}",-0.3338,-0.9875,-1.113,0.3264,2561,"{'2016': -0.329, '2017': -0.371, '2018': -0.529, '2019': -0.3, '2020': 0.177, '2021': -0.362, '2022': -0.407, '2023': -0.248, '2024': -0.351, '2025': -0.199, '2026': -0.405}",21.24
2026-09-25 13:59:24,"{""name"": ""R7 KOSDAQ-mid-low52"", ""note"": ""7차 low52 mid KOSDAQ""}",-0.2529,-0.9603,-0.959,0.2731,2561,"{'2016': -0.351, '2017': -0.167, '2018': -0.395, '2019': -0.133, '2020': 0.171, '2021': -0.211, '2022': -0.476, '2023': -0.158, '2024': -0.381, '2025': -0.12, '2026': -0.242}",14.45
2026-09-25 13:59:35,"{""name"": ""R7 KOSDAQ-mid-ma120"", ""note"": ""7차 ma120 mid KOSDAQ""}",-0.2157,-0.9458,-0.556,0.3427,2561,"{'2016': -0.212, '2017': -0.098, '2018': -0.23, '2019': -0.025, '2020': 0.202, '2021': -0.276, '2022': -0.358, '2023': -0.199, '2024': -0.495, '2025': -0.038, '2026': -0.318}",13.28
2026-09-25 13:59:45,"{""name"": ""R7 KOSDAQ-small-mom"", ""note"": ""7차 mom small KOSDAQ""}",-0.3046,-0.9857,-1.081,0.3024,2561,"{'2016': -0.233, '2017': -0.453, '2018': -0.448, '2019': -0.426, '2020': 0.139, '2021': -0.209, '2022': -0.496, '2023': -0.166, '2024': -0.223, '2025': -0.177, '2026': -0.3}",10.45
2026-09-25 13:59:56,"{""name"": ""R7 KOSDAQ-small-h52"", ""note"": ""7차 h52 small KOSDAQ""}",-0.3039,-0.9795,-1.024,0.3145,2561,"{'2016': -0.425, '2017': -0.253, '2018': -0.348, '2019': -0.233, '2020': -0.279, '2021': -0.135, '2022': -0.484, '2023': -0.411, '2024': -0.457, '2025': 0.368, '2026': -0.246}",18.64
2026-09-25 14:00:04,"{""name"": ""R7 KOSDAQ-small-brk"", ""note"": ""7차 brk small KOSDAQ""}",-0.4003,-0.9954,-1.265,0.3627,2561,"{'2016': -0.39, '2017': -0.437, '2018': -0.482, '2019': -0.474, '2020': -0.283, '2021': 0.077, '2022': -0.624, '2023': -0.48, '2024': -0.633, '2025': 0.01, '2026': -0.083}",22.45
2026-09-25 14:00:11,"{""name"": ""R7 KOSDAQ-small-rev"", ""note"": ""7차 rev small KOSDAQ""}",-0.306,-0.9839,-0.916,0.3442,2561,"{'2016': -0.26, '2017': -0.316, '2018': -0.267, '2019': -0.393, '2020': 0.326, '2021': -0.296, '2022': -0.441, '2023': -0.205, '2024': -0.383, '2025': -0.154, '2026': -0.548}",21.41
2026-09-25 14:00:20,"{""name"": ""R7 KOSDAQ-small-dd5"", ""note"": ""7차 dd5 small KOSDAQ""}",-0.3881,-0.9949,-1.437,0.3157,2561,"{'2016': -0.297, '2017': -0.441, '2018': -0.444, '2019': -0.496, '2020': 0.214, '2021': -0.372, '2022': -0.634, '2023': -0.238, '2024': -0.463, '2025': -0.354, '2026': -0.27}",19.93
2026-09-25 14:00:27,"{""name"": ""R7 KOSDAQ-small-low52"", ""note"": ""7차 low52 small KOSDAQ""}",-0.2856,-0.9754,-1.09,0.2804,2561,"{'2016': -0.281, '2017': -0.22, '2018': -0.338, '2019': -0.289, '2020': -0.157, '2021': -0.267, '2022': -0.486, '2023': -0.081, '2024': -0.452, '2025': -0.011, '2026': -0.284}",17.65
2026-09-25 14:00:35,"{""name"": ""R7 KOSDAQ-small-ma120"", ""note"": ""7차 ma120 small KOSDAQ""}",-0.22,-0.9479,-0.641,0.3184,2561,"{'2016': -0.203, '2017': -0.24, '2018': -0.147, '2019': -0.216, '2020': -0.08, '2021': -0.165, '2022': -0.257, '2023': -0.026, '2024': -0.422, '2025': -0.081, '2026': -0.376}",13.68
2026-09-25 14:00:43,"{""name"": ""R7 KOSDAQ-micro-mom"", ""note"": ""7차 mom micro KOSDAQ""}",-0.3001,-0.9829,-0.988,0.3189,2561,"{'2016': -0.058, '2017': -0.383, '2018': -0.321, '2019': -0.172, '2020': -0.141, '2021': -0.325, '2022': -0.405, '2023': -0.201, '2024': -0.406, '2025': -0.415, '2026': -0.23}",13.15
2026-09-25 14:00:50,"{""name"": ""R7 KOSDAQ-micro-h52"", ""note"": ""7차 h52 micro KOSDAQ""}",0.082,-0.9052,0.291,7.8788,2561,"{'2016': -0.073, '2017': -0.422, '2018': -0.185, '2019': 0.303, '2020': 0.387, '2021': -0.155, '2022': -0.231, '2023': -0.35, '2024': -0.551, '2025': -0.226, '2026': 18.66}",18.4
2026-09-25 14:00:58,"{""name"": ""R7 KOSDAQ-micro-brk"", ""note"": ""7차 brk micro KOSDAQ""}",-0.1315,-0.9885,0.261,7.4711,2561,"{'2016': -0.229, '2017': -0.517, '2018': -0.168, '2019': -0.272, '2020': -0.062, '2021': 0.05, '2022': -0.679, '2023': -0.373, '2024': -0.591, '2025': -0.22, '2026': 15.099}",21.82
2026-09-25 14:01:05,"{""name"": ""R7 KOSDAQ-micro-rev"", ""note"": ""7차 rev micro KOSDAQ""}",-0.2917,-0.9737,-1.89,0.1788,2561,"{'2016': -0.19, '2017': -0.334, '2018': -0.377, '2019': -0.297, '2020': -0.29, '2021': -0.19, '2022': -0.364, '2023': -0.241, '2024': -0.266, '2025': -0.253, '2026': -0.24}",9.88
2026-09-25 14:01:16,"{""name"": ""R7 KOSDAQ-micro-dd5"", ""note"": ""7차 dd5 micro KOSDAQ""}",-0.2856,-0.9719,-1.537,0.2101,2561,"{'2016': -0.143, '2017': -0.454, '2018': -0.386, '2019': -0.193, '2020': -0.115, '2021': -0.201, '2022': -0.365, '2023': -0.225, '2024': -0.267, '2025': -0.231, '2026': -0.342}",12.95
2026-09-25 14:02:07,"{""name"": ""R7 KOSDAQ-micro-low52"", ""note"": ""7차 low52 micro KOSDAQ""}",-0.2533,-0.955,-1.448,0.194,2561,"{'2016': -0.194, '2017': -0.272, '2018': -0.266, '2019': -0.197, '2020': -0.169, '2021': -0.111, '2022': -0.408, '2023': -0.311, '2024': -0.322, '2025': -0.006, '2026': -0.324}",12.32
2026-09-25 14:02:52,"{""name"": ""R7 KOSDAQ-micro-ma120"", ""note"": ""7차 ma120 micro KOSDAQ""}",-0.221,-0.9306,-1.401,0.1723,2561,"{'2016': -0.21, '2017': -0.243, '2018': -0.121, '2019': -0.131, '2020': -0.306, '2021': -0.182, '2022': -0.373, '2023': -0.139, '2024': -0.157, '2025': -0.177, '2026': -0.241}",6.01
2026-09-25 14:03:17,"{""name"": ""R7 event surge15_ALL_h1"", ""note"": ""7차 이벤트""}",-0.9999,-1.0,-19.136,0.4974,2561,"{'2016': -0.997, '2017': -0.997, '2018': -0.999, '2019': -1.0, '2020': -1.0, '2021': -1.0, '2022': -1.0, '2023': -1.0, '2024': -1.0, '2025': -1.0, '2026': -1.0}"
2026-09-25 14:03:19,"{""name"": ""R7 event surge15_ALL_h1 slip x2"", ""note"": ""7차 이벤트""}",-1.0,-1.0,-28.16,0.5503,2561,"{'2016': -1.0, '2017': -1.0, '2018': -1.0, '2019': -1.0, '2020': -1.0, '2021': -1.0, '2022': -1.0, '2023': -1.0, '2024': -1.0, '2025': -1.0, '2026': -1.0}"
2026-09-25 14:03:23,"{""name"": ""R7 event surge15_ALL_h5"", ""note"": ""7차 이벤트""}",-0.942,-1.0,-7.904,0.3596,2561,"{'2016': -0.899, '2017': -0.946, '2018': -0.931, '2019': -0.947, '2020': -0.928, '2021': -0.883, '2022': -0.957, '2023': -0.934, '2024': -0.941, '2025': -0.945, '2026': -0.919}"
2026-09-25 14:03:27,"{""name"": ""R7 event surge15_ALL_h5 slip x2"", ""note"": ""7차 이벤트""}",-0.987,-1.0,-12.049,0.3612,2561,"{'2016': -0.966, '2017': -0.988, '2018': -0.984, '2019': -0.988, '2020': -0.984, '2021': -0.974, '2022': -0.99, '2023': -0.985, '2024': -0.987, '2025': -0.988, '2026': -0.973}"
2026-09-25 14:03:34,"{""name"": ""R7 event surge15_ALL_h20"", ""note"": ""7차 이벤트""}",-0.5586,-0.9998,-2.684,0.296,2561,"{'2016': -0.498, '2017': -0.645, '2018': -0.502, '2019': -0.551, '2020': -0.353, '2021': -0.281, '2022': -0.674, '2023': -0.5, '2024': -0.703, '2025': -0.503, '2026': -0.56}"
2026-09-25 14:03:41,"{""name"": ""R7 event surge15_ALL_h20 slip x2"", ""note"": ""7차 이벤트""}",-0.6959,-1.0,-3.969,0.2963,2561,"{'2016': -0.622, '2017': -0.754, '2018': -0.656, '2019': -0.69, '2020': -0.557, '2021': -0.505, '2022': -0.775, '2023': -0.655, '2024': -0.794, '2025': -0.656, '2026': -0.665}"
2026-09-25 14:03:42,"{""name"": ""R7 event surge15_KOSPI_h1"", ""note"": ""7차 이벤트""}",-0.9413,-1.0,-9.759,0.2922,2561,"{'2016': -0.8, '2017': -0.725, '2018': -0.847, '2019': -0.87, '2020': -0.993, '2021': -0.95, '2022': -0.902, '2023': -0.947, '2024': -0.945, '2025': -0.924, '2026': -0.982}"
2026-09-25 14:03:45,"{""name"": ""R7 event surge15_KOSPI_h1 slip x2"", ""note"": ""7차 이벤트""}",-0.9898,-1.0,-12.972,0.355,2561,"{'2016': -0.915, '2017': -0.878, '2018': -0.963, '2019': -0.965, '2020': -1.0, '2021': -0.993, '2022': -0.979, '2023': -0.992, '2024': -0.991, '2025': -0.987, '2026': -0.998}"
2026-09-25 14:03:48,"{""name"": ""R7 event surge15_KOSPI_h5"", ""note"": ""7차 이벤트""}",-0.9191,-1.0,-5.352,0.4602,2561,"{'2016': -0.826, '2017': -0.814, '2018': -0.876, '2019': -0.928, '2020': -0.936, '2021': -0.871, '2022': -0.917, '2023': -0.911, '2024': -0.95, '2025': -0.936, '2026': -0.929}"
2026-09-25 14:03:52,"{""name"": ""R7 event surge15_KOSPI_h5 slip x2"", ""note"": ""7차 이벤트""}",-0.9769,-1.0,-7.962,0.4681,2561,"{'2016': -0.919, '2017': -0.916, '2018': -0.962, '2019': -0.978, '2020': -0.985, '2021': -0.967, '2022': -0.977, '2023': -0.977, '2024': -0.987, '2025': -0.983, '2026': -0.975}"
2026-09-25 14:03:59,"{""name"": ""R7 event surge15_KOSPI_h20"", ""note"": ""7차 이벤트""}",-0.578,-0.9999,-2.352,0.3499,2561,"{'2016': -0.596, '2017': -0.626, '2018': -0.235, '2019': -0.704, '2020': -0.446, '2021': -0.419, '2022': -0.633, '2023': -0.512, '2024': -0.734, '2025': -0.499, '2026': -0.533}"
2026-09-25 14:04:05,"{""name"": ""R7 event surge15_KOSPI_h20 slip x2"", ""note"": ""7차 이벤트""}",-0.7093,-1.0,-3.433,0.3507,2561,"{'2016': -0.691, '2017': -0.74, '2018': -0.472, '2019': -0.797, '2020': -0.622, '2021': -0.601, '2022': -0.748, '2023': -0.662, '2024': -0.816, '2025': -0.654, '2026': -0.645}"
2026-09-25 14:04:07,"{""name"": ""R7 event surge15_KOSDAQ_h1"", ""note"": ""7차 이벤트""}",-0.9997,-1.0,-16.892,0.4741,2561,"{'2016': -0.985, '2017': -0.989, '2018': -0.998, '2019': -0.998, '2020': -1.0, '2021': -0.999, '2022': -0.999, '2023': -1.0, '2024': -1.0, '2025': -1.0, '2026': -1.0}"
2026-09-25 14:04:10,"{""name"": ""R7 event surge15_KOSDAQ_h1 slip x2"", ""note"": ""7차 이벤트""}",-1.0,-1.0,-24.036,0.5426,2561,"{'2016': -0.999, '2017': -0.999, '2018': -1.0, '2019': -1.0, '2020': -1.0, '2021': -1.0, '2022': -1.0, '2023': -1.0, '2024': -1.0, '2025': -1.0, '2026': -1.0}"
2026-09-25 14:04:12,"{""name"": ""R7 event surge15_KOSDAQ_h5"", ""note"": ""7차 이벤트""}",-0.94,-1.0,-7.505,0.3734,2561,"{'2016': -0.893, '2017': -0.947, '2018': -0.932, '2019': -0.943, '2020': -0.915, '2021': -0.878, '2022': -0.961, '2023': -0.939, '2024': -0.934, '2025': -0.943, '2026': -0.915}"
2026-09-25 14:04:15,"{""name"": ""R7 event surge15_KOSDAQ_h5 slip x2"", ""note"": ""7차 이벤트""}",-0.9865,-1.0,-11.478,0.3755,2561,"{'2016': -0.963, '2017': -0.988, '2018': -0.985, '2019': -0.987, '2020': -0.981, '2021': -0.973, '2022': -0.991, '2023': -0.986, '2024': -0.985, '2025': -0.987, '2026': -0.971}"
2026-09-25 14:04:20,"{""name"": ""R7 event surge15_KOSDAQ_h20"", ""note"": ""7차 이벤트""}",-0.5518,-0.9998,-2.577,0.3016,2561,"{'2016': -0.456, '2017': -0.647, '2018': -0.562, '2019': -0.49, '2020': -0.32, '2021': -0.238, '2022': -0.682, '2023': -0.498, '2024': -0.696, '2025': -0.504, '2026': -0.568}"
2026-09-25 14:04:25,"{""name"": ""R7 event surge15_KOSDAQ_h20 slip x2"", ""note"": ""7차 이벤트""}",-0.6913,-1.0,-3.838,0.3018,2561,"{'2016': -0.591, '2017': -0.756, '2018': -0.698, '2019': -0.647, '2020': -0.534, '2021': -0.476, '2022': -0.781, '2023': -0.654, '2024': -0.789, '2025': -0.657, '2026': -0.671}"
2026-09-25 14:04:28,"{""name"": ""R7 event breakout20_ALL_h10"", ""note"": ""7차 이벤트""}",-0.6394,-1.0,-4.322,0.2354,2561,"{'2016': -0.545, '2017': -0.596, '2018': -0.677, '2019': -0.657, '2020': -0.484, '2021': -0.458, '2022': -0.759, '2023': -0.626, '2024': -0.705, '2025': -0.556, '2026': -0.645}"
2026-09-25 14:04:31,"{""name"": ""R7 event breakout20_ALL_h10 slip x2"", ""note"": ""7차 이벤트""}",-0.8301,-1.0,-7.574,0.2358,2561,"{'2016': -0.739, '2017': -0.808, '2018': -0.847, '2019': -0.839, '2020': -0.76, '2021': -0.746, '2022': -0.887, '2023': -0.823, '2024': -0.86, '2025': -0.787, '2026': -0.795}"
2026-09-25 14:04:35,"{""name"": ""R7 event breakout20_ALL_h20"", ""note"": ""7차 이벤트""}",-0.4158,-0.9965,-2.171,0.2406,2561,"{'2016': -0.352, '2017': -0.385, '2018': -0.495, '2019': -0.408, '2020': -0.172, '2021': -0.196, '2022': -0.602, '2023': -0.363, '2024': -0.535, '2025': -0.285, '2026': -0.452}"
2026-09-25 14:04:39,"{""name"": ""R7 event breakout20_ALL_h20 slip x2"", ""note"": ""7차 이벤트""}",-0.6013,-0.9999,-3.79,0.241,2561,"{'2016': -0.52, '2017': -0.576, '2018': -0.656, '2019': -0.597, '2020': -0.438, '2021': -0.451, '2022': -0.729, '2023': -0.563, '2024': -0.679, '2025': -0.505, '2026': -0.587}"
2026-09-25 14:04:41,"{""name"": ""R7 event breakout60_ALL_h10"", ""note"": ""7차 이벤트""}",-0.6525,-1.0,-4.157,0.2529,2561,"{'2016': -0.553, '2017': -0.612, '2018': -0.673, '2019': -0.655, '2020': -0.517, '2021': -0.447, '2022': -0.788, '2023': -0.608, '2024': -0.724, '2025': -0.591, '2026': -0.672}"
2026-09-25 14:04:44,"{""name"": ""R7 event breakout60_ALL_h10 slip x2"", ""note"": ""7차 이벤트""}",-0.836,-1.0,-7.183,0.2531,2561,"{'2016': -0.743, '2017': -0.815, '2018': -0.845, '2019': -0.838, '2020': -0.774, '2021': -0.741, '2022': -0.9, '2023': -0.814, '2024': -0.868, '2025': -0.804, '2026': -0.811}"
2026-09-25 14:04:47,"{""name"": ""R7 event breakout60_ALL_h20"", ""note"": ""7차 이벤트""}",-0.4342,-0.9974,-2.196,0.2516,2561,"{'2016': -0.358, '2017': -0.402, '2018': -0.492, '2019': -0.422, '2020': -0.22, '2021': -0.178, '2022': -0.619, '2023': -0.349, '2024': -0.551, '2025': -0.297, '2026': -0.538}"
2026-09-25 14:04:51,"{""name"": ""R7 event breakout60_ALL_h20 slip x2"", ""note"": ""7차 이벤트""}",-0.6136,-1.0,-3.741,0.252,2561,"{'2016': -0.523, '2017': -0.587, '2018': -0.654, '2019': -0.605, '2020': -0.47, '2021': -0.437, '2022': -0.74, '2023': -0.553, '2024': -0.689, '2025': -0.514, '2026': -0.653}"
2026-09-25 14:04:52,"{""name"": ""R7 event crash-10v_ALL_h1"", ""note"": ""7차 이벤트""}",-0.9635,-1.0,-10.42,0.3192,2561,"{'2016': -0.908, '2017': -0.923, '2018': -0.958, '2019': -0.936, '2020': -0.984, '2021': -0.969, '2022': -0.955, '2023': -0.93, '2024': -0.955, '2025': -0.957, '2026': -0.983}"
2026-09-25 14:04:54,"{""name"": ""R7 event crash-10v_ALL_h1 slip x2"", ""note"": ""7차 이벤트""}",-0.9961,-1.0,-14.605,0.3811,2561,"{'2016': -0.981, '2017': -0.986, '2018': -0.995, '2019': -0.993, '2020': -0.999, '2021': -0.996, '2022': -0.994, '2023': -0.992, '2024': -0.996, '2025': -0.996, '2026': -0.999}"
2026-09-25 14:04:56,"{""name"": ""R7 event crash-10v_ALL_h5"", ""note"": ""7차 이벤트""}",-0.9294,-1.0,-6.382,0.411,2561,"{'2016': -0.889, '2017': -0.92, '2018': -0.933, '2019': -0.862, '2020': -0.946, '2021': -0.939, '2022': -0.963, '2023': -0.887, '2024': -0.935, '2025': -0.873, '2026': -0.896}"
2026-09-25 14:04:58,"{""name"": ""R7 event crash-10v_ALL_h5 slip x2"", ""note"": ""7차 이벤트""}",-0.9818,-1.0,-9.559,0.4179,2561,"{'2016': -0.958, '2017': -0.976, '2018': -0.983, '2019': -0.965, '2020': -0.986, '2021': -0.983, '2022': -0.991, '2023': -0.971, '2024': -0.984, '2025': -0.968, '2026': -0.964}"
2026-09-25 14:05:01,"{""name"": ""R7 event crash-10v_ALL_h20"", ""note"": ""7차 이벤트""}",-0.5513,-0.9998,-2.747,0.2843,2561,"{'2016': -0.508, '2017': -0.483, '2018': -0.529, '2019': -0.401, '2020': -0.567, '2021': -0.526, '2022': -0.694, '2023': -0.611, '2024': -0.487, '2025': -0.395, '2026': -0.573}"
2026-09-25 14:05:05,"{""name"": ""R7 event crash-10v_ALL_h20 slip x2"", ""note"": ""7차 이벤트""}",-0.691,-1.0,-4.071,0.2855,2561,"{'2016': -0.625, '2017': -0.643, '2018': -0.674, '2019': -0.589, '2020': -0.704, '2021': -0.675, '2022': -0.789, '2023': -0.732, '2024': -0.642, '2025': -0.584, '2026': -0.673}"
2026-09-25 14:05:06,"{""name"": ""R7 event crash-10_ALL_h1"", ""note"": ""7차 이벤트""}",-0.9973,-1.0,-13.731,0.4297,2561,"{'2016': -0.97, '2017': -0.986, '2018': -0.995, '2019': -0.992, '2020': -0.999, '2021': -0.997, '2022': -0.996, '2023': -0.996, '2024': -0.998, '2025': -0.999, '2026': -0.999}"
2026-09-25 14:05:08,"{""name"": ""R7 event crash-10_ALL_h1 slip x2"", ""note"": ""7차 이벤트""}",-1.0,-1.0,-19.806,0.5163,2561,"{'2016': -0.998, '2017': -0.999, '2018': -1.0, '2019': -1.0, '2020': -1.0, '2021': -1.0, '2022': -1.0, '2023': -1.0, '2024': -1.0, '2025': -1.0, '2026': -1.0}"
2026-09-25 14:05:10,"{""name"": ""R7 event crash-10_ALL_h5"", ""note"": ""7차 이벤트""}",-0.9065,-1.0,-6.232,0.3772,2561,"{'2016': -0.836, '2017': -0.938, '2018': -0.862, '2019': -0.836, '2020': -0.915, '2021': -0.917, '2022': -0.928, '2023': -0.884, '2024': -0.916, '2025': -0.869, '2026': -0.879}"
2026-09-25 14:05:12,"{""name"": ""R7 event crash-10_ALL_h5 slip x2"", ""note"": ""7차 이벤트""}",-0.9787,-1.0,-10.006,0.3845,2561,"{'2016': -0.943, '2017': -0.985, '2018': -0.969, '2019': -0.962, '2020': -0.981, '2021': -0.981, '2022': -0.984, '2023': -0.974, '2024': -0.981, '2025': -0.97, '2026': -0.959}"
2026-09-25 14:05:15,"{""name"": ""R7 event crash-10_ALL_h20"", ""note"": ""7차 이벤트""}",-0.495,-0.9993,-2.158,0.3032,2561,"{'2016': -0.413, '2017': -0.576, '2018': -0.438, '2019': -0.379, '2020': -0.266, '2021': -0.471, '2022': -0.646, '2023': -0.548, '2024': -0.521, '2025': -0.344, '2026': -0.528}"
2026-09-25 14:05:18,"{""name"": ""R7 event crash-10_ALL_h20 slip x2"", ""note"": ""7차 이벤트""}",-0.654,-1.0,-3.425,0.304,2561,"{'2016': -0.557, '2017': -0.709, '2018': -0.61, '2019': -0.576, '2020': -0.507, '2021': -0.636, '2022': -0.759, '2023': -0.692, '2024': -0.667, '2025': -0.549, '2026': -0.64}"
2026-09-25 14:05:20,"{""name"": ""R7 event crash-15v_ALL_h1"", ""note"": ""7차 이벤트""}",-0.8306,-1.0,-7.179,0.2487,2561,"{'2016': -0.672, '2017': -0.771, '2018': -0.814, '2019': -0.745, '2020': -0.918, '2021': -0.876, '2022': -0.806, '2023': -0.663, '2024': -0.826, '2025': -0.716, '2026': -0.924}"
2026-09-25 14:05:21,"{""name"": ""R7 event crash-15v_ALL_h1 slip x2"", ""note"": ""7차 이벤트""}",-0.9431,-1.0,-9.942,0.29,2561,"{'2016': -0.831, '2017': -0.905, '2018': -0.927, '2019': -0.915, '2020': -0.975, '2021': -0.953, '2022': -0.924, '2023': -0.886, '2024': -0.945, '2025': -0.903, '2026': -0.981}"
2026-09-25 14:05:23,"{""name"": ""R7 event crash-15v_ALL_h5"", ""note"": ""7차 이벤트""}",-0.8699,-1.0,-4.633,0.4301,2561,"{'2016': -0.763, '2017': -0.827, '2018': -0.851, '2019': -0.767, '2020': -0.909, '2021': -0.929, '2022': -0.894, '2023': -0.786, '2024': -0.865, '2025': -0.702, '2026': -0.932}"
2026-09-25 14:05:25,"{""name"": ""R7 event crash-15v_ALL_h5 slip x2"", ""note"": ""7차 이벤트""}",-0.9486,-1.0,-6.724,0.4364,2561,"{'2016': -0.869, '2017': -0.918, '2018': -0.936, '2019': -0.91, '2020': -0.965, '2021': -0.97, '2022': -0.955, '2023': -0.919, '2024': -0.952, '2025': -0.888, '2026': -0.973}"
2026-09-25 14:05:28,"{""name"": ""R7 event crash-15v_ALL_h20"", ""note"": ""7차 이벤트""}",-0.6311,-1.0,-2.853,0.3382,2561,"{'2016': -0.583, '2017': -0.504, '2018': -0.646, '2019': -0.519, '2020': -0.639, '2021': -0.694, '2022': -0.749, '2023': -0.665, '2024': -0.54, '2025': -0.358, '2026': -0.689}"
2026-09-25 14:05:32,"{""name"": ""R7 event crash-15v_ALL_h20 slip x2"", ""note"": ""7차 이벤트""}",-0.7457,-1.0,-3.955,0.3399,2561,"{'2016': -0.68, '2017': -0.659, '2018': -0.756, '2019': -0.672, '2020': -0.754, '2021': -0.79, '2022': -0.825, '2023': -0.768, '2024': -0.68, '2025': -0.555, '2026': -0.762}"
2026-09-25 14:05:33,"{""name"": ""R7 event crash-15_ALL_h1"", ""note"": ""7차 이벤트""}",-0.927,-1.0,-7.32,0.3563,2561,"{'2016': -0.742, '2017': -0.863, '2018': -0.869, '2019': -0.828, '2020': -0.968, '2021': -0.928, '2022': -0.927, '2023': -0.88, '2024': -0.927, '2025': -0.908, '2026': -0.988}"
2026-09-25 14:05:35,"{""name"": ""R7 event crash-15_ALL_h1 slip x2"", ""note"": ""7차 이벤트""}",-0.9878,-1.0,-10.56,0.4161,2561,"{'2016': -0.907, '2017': -0.96, '2018': -0.97, '2019': -0.966, '2020': -0.995, '2021': -0.986, '2022': -0.984, '2023': -0.982, '2024': -0.989, '2025': -0.985, '2026': -0.999}"
2026-09-25 14:05:37,"{""name"": ""R7 event crash-15_ALL_h5"", ""note"": ""7차 이벤트""}",-0.8981,-1.0,-4.782,0.4653,2561,"{'2016': -0.81, '2017': -0.88, '2018': -0.787, '2019': -0.759, '2020': -0.906, '2021': -0.925, '2022': -0.946, '2023': -0.868, '2024': -0.924, '2025': -0.836, '2026': -0.94}"
2026-09-25 14:05:38,"{""name"": ""R7 event crash-15_ALL_h5 slip x2"", ""note"": ""7차 이벤트""}",-0.9688,-1.0,-7.262,0.4715,2561,"{'2016': -0.913, '2017': -0.952, '2018': -0.93, '2019': -0.922, '2020': -0.972, '2021': -0.977, '2022': -0.983, '2023': -0.962, '2024': -0.98, '2025': -0.953, '2026': -0.979}"
2026-09-25 14:05:41,"{""name"": ""R7 event crash-15_ALL_h20"", ""note"": ""7차 이벤트""}",-0.59,-0.9999,-2.493,0.3431,2561,"{'2016': -0.547, '2017': -0.548, '2018': -0.565, '2019': -0.454, '2020': -0.355, '2021': -0.58, '2022': -0.721, '2023': -0.668, '2024': -0.539, '2025': -0.47, '2026': -0.695}"
2026-09-25 14:05:45,"{""name"": ""R7 event crash-15_ALL_h20 slip x2"", ""note"": ""7차 이벤트""}",-0.7182,-1.0,-3.598,0.3441,2561,"{'2016': -0.654, '2017': -0.691, '2018': -0.699, '2019': -0.628, '2020': -0.563, '2021': -0.711, '2022': -0.807, '2023': -0.773, '2024': -0.68, '2025': -0.634, '2026': -0.766}"
2026-09-25 14:05:46,"{""name"": ""R7 event crash-20v_ALL_h1"", ""note"": ""7차 이벤트""}",-0.6233,-1.0,-5.064,0.1938,2561,"{'2016': -0.481, '2017': -0.536, '2018': -0.569, '2019': -0.53, '2020': -0.747, '2021': -0.639, '2022': -0.621, '2023': -0.491, '2024': -0.644, '2025': -0.459, '2026': -0.773}"
2026-09-25 14:05:47,"{""name"": ""R7 event crash-20v_ALL_h1 slip x2"", ""note"": ""7차 이벤트""}",-0.788,-1.0,-7.179,0.2178,2561,"{'2016': -0.621, '2017': -0.712, '2018': -0.728, '2019': -0.742, '2020': -0.862, '2021': -0.777, '2022': -0.772, '2023': -0.729, '2024': -0.813, '2025': -0.689, '2026': -0.891}"
2026-09-25 14:05:49,"{""name"": ""R7 event crash-20v_ALL_h5"", ""note"": ""7차 이벤트""}",-0.7209,-1.0,-3.378,0.367,2561,"{'2016': -0.586, '2017': -0.716, '2018': -0.679, '2019': -0.652, '2020': -0.813, '2021': -0.803, '2022': -0.75, '2023': -0.671, '2024': -0.627, '2025': -0.294, '2026': -0.845}"
2026-09-25 14:05:51,"{""name"": ""R7 event crash-20v_ALL_h5 slip x2"", ""note"": ""7차 이벤트""}",-0.8385,-1.0,-4.828,0.3719,2561,"{'2016': -0.695, '2017': -0.817, '2018': -0.795, '2019': -0.803, '2020': -0.89, '2021': -0.878, '2022': -0.848, '2023': -0.824, '2024': -0.802, '2025': -0.59, '2026': -0.918}"
2026-09-25 14:05:54,"{""name"": ""R7 event crash-20v_ALL_h20"", ""note"": ""7차 이벤트""}",-0.6458,-1.0,-2.552,0.3872,2561,"{'2016': -0.535, '2017': -0.335, '2018': -0.696, '2019': -0.568, '2020': -0.734, '2021': -0.777, '2022': -0.744, '2023': -0.716, '2024': -0.508, '2025': -0.142, '2026': -0.733}"
2026-09-25 14:05:57,"{""name"": ""R7 event crash-20v_ALL_h20 slip x2"", ""note"": ""7차 이벤트""}",-0.7489,-1.0,-3.44,0.3893,2561,"{'2016': -0.627, '2017': -0.517, '2018': -0.779, '2019': -0.699, '2020': -0.814, '2021': -0.839, '2022': -0.819, '2023': -0.802, '2024': -0.656, '2025': -0.398, '2026': -0.796}"
2026-09-25 14:05:59,"{""name"": ""R7 event crash-20_ALL_h1"", ""note"": ""7차 이벤트""}",-0.7504,-1.0,-5.128,0.2699,2561,"{'2016': -0.555, '2017': -0.607, '2018': -0.618, '2019': -0.621, '2020': -0.858, '2021': -0.692, '2022': -0.734, '2023': -0.767, '2024': -0.728, '2025': -0.719, '2026': -0.903}"
2026-09-25 14:06:00,"{""name"": ""R7 event crash-20_ALL_h1 slip x2"", ""note"": ""7차 이벤트""}",-0.892,-1.0,-7.317,0.3045,2561,"{'2016': -0.707, '2017': -0.785, '2018': -0.8, '2019': -0.831, '2020': -0.946, '2021': -0.845, '2022': -0.866, '2023': -0.913, '2024': -0.89, '2025': -0.876, '2026': -0.972}"
2026-09-25 14:06:02,"{""name"": ""R7 event crash-20_ALL_h5"", ""note"": ""7차 이벤트""}",-0.7977,-1.0,-3.509,0.4386,2561,"{'2016': -0.676, '2017': -0.738, '2018': -0.665, '2019': -0.678, '2020': -0.792, '2021': -0.834, '2022': -0.824, '2023': -0.807, '2024': -0.781, '2025': -0.636, '2026': -0.934}"
2026-09-25 14:06:04,"{""name"": ""R7 event crash-20_ALL_h5 slip x2"", ""note"": ""7차 이벤트""}",-0.9025,-1.0,-5.13,0.4444,2561,"{'2016': -0.783, '2017': -0.845, '2018': -0.817, '2019': -0.841, '2020': -0.903, '2021': -0.914, '2022': -0.909, '2023': -0.917, '2024': -0.905, '2025': -0.833, '2026': -0.971}"
2026-09-25 14:06:07,"{""name"": ""R7 event crash-20_ALL_h20"", ""note"": ""7차 이벤트""}",-0.6604,-1.0,-2.621,0.3928,2561,"{'2016': -0.602, '2017': -0.412, '2018': -0.688, '2019': -0.545, '2020': -0.524, '2021': -0.744, '2022': -0.785, '2023': -0.763, '2024': -0.578, '2025': -0.414, '2026': -0.751}"
2026-09-25 14:06:10,"{""name"": ""R7 event crash-20_ALL_h20 slip x2"", ""note"": ""7차 이벤트""}",-0.7639,-1.0,-3.545,0.3949,2561,"{'2016': -0.688, '2017': -0.582, '2018': -0.781, '2019': -0.687, '2020': -0.674, '2021': -0.821, '2022': -0.851, '2023': -0.838, '2024': -0.705, '2025': -0.596, '2026': -0.809}"
2026-09-25 14:06:12,"{""name"": ""R7 event crash-15v_KOSPI_h1"", ""note"": ""7차 이벤트""}",-0.2967,-0.9747,-3.509,0.1015,2561,"{'2016': -0.305, '2017': -0.354, '2018': -0.215, '2019': -0.261, '2020': -0.418, '2021': -0.254, '2022': -0.246, '2023': -0.075, '2024': -0.215, '2025': -0.26, '2026': -0.446}"
2026-09-25 14:06:13,"{""name"": ""R7 event crash-15v_KOSPI_h1 slip x2"", ""note"": ""7차 이벤트""}",-0.4474,-0.998,-5.059,0.1189,2561,"{'2016': -0.429, '2017': -0.484, '2018': -0.357, '2019': -0.416, '2020': -0.577, '2021': -0.39, '2022': -0.373, '2023': -0.256, '2024': -0.37, '2025': -0.399, '2026': -0.594}"
2026-09-25 14:06:15,"{""name"": ""R7 event crash-15v_KOSPI_h5"", ""note"": ""7차 이벤트""}",-0.336,-0.9887,-1.976,0.2023,2561,"{'2016': -0.372, '2017': -0.437, '2018': -0.197, '2019': -0.223, '2020': -0.368, '2021': -0.348, '2022': -0.344, '2023': -0.097, '2024': -0.241, '2025': -0.411, '2026': -0.421}"
2026-09-25 14:06:17,"{""name"": ""R7 event crash-15v_KOSPI_h5 slip x2"", ""note"": ""7차 이벤트""}",-0.4753,-0.999,-3.104,0.2063,2561,"{'2016': -0.48, '2017': -0.55, '2018': -0.346, '2019': -0.384, '2020': -0.526, '2021': -0.468, '2022': -0.454, '2023': -0.274, '2024': -0.387, '2025': -0.521, '2026': -0.569}"
2026-09-25 14:06:20,"{""name"": ""R7 event crash-15v_KOSPI_h20"", ""note"": ""7차 이벤트""}",-0.3118,-0.984,-1.141,0.2975,2561,"{'2016': -0.463, '2017': -0.166, '2018': -0.205, '2019': -0.189, '2020': -0.198, '2021': -0.134, '2022': -0.397, '2023': -0.18, '2024': -0.259, '2025': -0.469, '2026': -0.482}"
2026-09-25 14:06:23,"{""name"": ""R7 event crash-15v_KOSPI_h20 slip x2"", ""note"": ""7차 이벤트""}",-0.4437,-0.9981,-1.86,0.2994,2561,"{'2016': -0.548, '2017': -0.317, '2018': -0.351, '2019': -0.35, '2020': -0.373, '2021': -0.286, '2022': -0.495, '2023': -0.335, '2024': -0.391, '2025': -0.566, '2026': -0.578}"
2026-09-25 14:06:25,"{""name"": ""R7 event crash-15v_KOSDAQ_h1"", ""note"": ""7차 이벤트""}",-0.7577,-1.0,-6.451,0.2212,2561,"{'2016': -0.526, '2017': -0.65, '2018': -0.759, '2019': -0.656, '2020': -0.859, '2021': -0.833, '2022': -0.742, '2023': -0.636, '2024': -0.767, '2025': -0.616, '2026': -0.862}"
2026-09-25 14:06:26,"{""name"": ""R7 event crash-15v_KOSDAQ_h1 slip x2"", ""note"": ""7차 이벤트""}",-0.8974,-1.0,-9.072,0.253,2561,"{'2016': -0.701, '2017': -0.822, '2018': -0.886, '2019': -0.855, '2020': -0.944, '2021': -0.923, '2022': -0.878, '2023': -0.848, '2024': -0.911, '2025': -0.838, '2026': -0.954}"
2026-09-25 14:06:28,"{""name"": ""R7 event crash-15v_KOSDAQ_h5"", ""note"": ""7차 이벤트""}",-0.8148,-1.0,-3.992,0.411,2561,"{'2016': -0.619, '2017': -0.699, '2018': -0.809, '2019': -0.694, '2020': -0.87, '2021': -0.908, '2022': -0.859, '2023': -0.731, '2024': -0.795, '2025': -0.526, '2026': -0.924}"
2026-09-25 14:06:30,"{""name"": ""R7 event crash-15v_KOSDAQ_h5 slip x2"", ""note"": ""7차 이벤트""}",-0.9152,-1.0,-5.836,0.4169,2561,"{'2016': -0.756, '2017': -0.836, '2018': -0.903, '2019': -0.861, '2020': -0.939, '2021': -0.956, '2022': -0.931, '2023': -0.882, '2024': -0.917, '2025': -0.793, '2026': -0.968}"
2026-09-25 14:06:33,"{""name"": ""R7 event crash-15v_KOSDAQ_h20"", ""note"": ""7차 이벤트""}",-0.6398,-1.0,-2.72,0.3608,2561,"{'2016': -0.54, '2017': -0.551, '2018': -0.679, '2019': -0.525, '2020': -0.673, '2021': -0.713, '2022': -0.763, '2023': -0.682, '2024': -0.541, '2025': -0.221, '2026': -0.706}"
2026-09-25 14:06:37,"{""name"": ""R7 event crash-15v_KOSDAQ_h20 slip x2"", ""note"": ""7차 이벤트""}",-0.7506,-1.0,-3.743,0.3624,2561,"{'2016': -0.641, '2017': -0.69, '2018': -0.778, '2019': -0.673, '2020': -0.776, '2021': -0.801, '2022': -0.835, '2023': -0.779, '2024': -0.682, '2025': -0.46, '2026': -0.775}"
2026-09-25 14:06:38,"{""name"": ""R7 event crash-15v_ALL-large_h5"", ""note"": ""7차 이벤트""}",-0.0314,-0.3313,-0.42,0.072,2561,"{'2016': -0.014, '2017': -0.021, '2018': -0.016, '2019': -0.06, '2020': 0.135, '2021': -0.131, '2022': -0.04, '2023': 0.007, '2024': 0.009, '2025': 0.003, '2026': -0.168}"
2026-09-25 14:06:40,"{""name"": ""R7 event crash-15v_ALL-large_h5 slip x2"", ""note"": ""7차 이벤트""}",-0.0678,-0.5384,-0.958,0.0726,2561,"{'2016': -0.032, '2017': -0.028, '2018': -0.052, '2019': -0.096, '2020': 0.076, '2021': -0.181, '2022': -0.074, '2023': -0.014, '2024': -0.032, '2025': -0.024, '2026': -0.214}"
2026-09-25 14:06:42,"{""name"": ""R7 event crash-15v_ALL-mid_h5"", ""note"": ""7차 이벤트""}",-0.1733,-0.8748,-1.531,0.1228,2561,"{'2016': -0.196, '2017': -0.121, '2018': -0.148, '2019': -0.054, '2020': -0.162, '2021': -0.268, '2022': -0.244, '2023': -0.202, '2024': -0.097, '2025': -0.067, '2026': -0.228}"
2026-09-25 14:06:44,"{""name"": ""R7 event crash-15v_ALL-mid_h5 slip x2"", ""note"": ""7차 이벤트""}",-0.2659,-0.9629,-2.49,0.1244,2561,"{'2016': -0.256, '2017': -0.181, '2018': -0.239, '2019': -0.154, '2020': -0.285, '2021': -0.348, '2022': -0.324, '2023': -0.301, '2024': -0.198, '2025': -0.166, '2026': -0.314}"
2026-09-25 14:06:46,"{""name"": ""R7 event crash-15v_ALL-small_h5"", ""note"": ""7차 이벤트""}",-0.2592,-0.9608,-1.426,0.2016,2561,"{'2016': -0.325, '2017': -0.073, '2018': -0.079, '2019': -0.292, '2020': -0.347, '2021': -0.283, '2022': -0.237, '2023': -0.263, '2024': -0.279, '2025': -0.18, '2026': -0.313}"
2026-09-25 14:06:48,"{""name"": ""R7 event crash-15v_ALL-small_h5 slip x2"", ""note"": ""7차 이벤트""}",-0.3982,-0.9953,-2.455,0.2037,2561,"{'2016': -0.418, '2017': -0.22, '2018': -0.241, '2019': -0.436, '2020': -0.49, '2021': -0.417, '2022': -0.358, '2023': -0.41, '2024': -0.423, '2025': -0.28, '2026': -0.452}"
2026-09-25 14:06:49,"{""name"": ""R7 event crash-15v_ALL-micro_h5"", ""note"": ""7차 이벤트""}",-0.7898,-1.0,-3.945,0.3857,2561,"{'2016': -0.56, '2017': -0.778, '2018': -0.761, '2019': -0.589, '2020': -0.857, '2021': -0.877, '2022': -0.834, '2023': -0.598, '2024': -0.749, '2025': -0.641, '2026': -0.917}"
2026-09-25 14:06:51,"{""name"": ""R7 event crash-15v_ALL-micro_h5 slip x2"", ""note"": ""7차 이벤트""}",-0.8945,-1.0,-5.66,0.3925,2561,"{'2016': -0.703, '2017': -0.877, '2018': -0.867, '2019': -0.797, '2020': -0.928, '2021': -0.93, '2022': -0.908, '2023': -0.799, '2024': -0.887, '2025': -0.836, '2026': -0.963}"
2026-09-25 14:06:53,"{""name"": ""R7 event crash-15v+good(PBR<1,흑자)_ALL_h5"", ""note"": ""7차 이벤트""}",-0.1662,-0.8514,-1.106,0.1575,2561,"{'2016': -0.076, '2017': -0.173, '2018': 0.086, '2019': -0.077, '2020': -0.275, '2021': -0.121, '2022': -0.216, '2023': 0.036, '2024': -0.009, '2025': -0.192, '2026': -0.528}"
2026-09-25 14:06:55,"{""name"": ""R7 event crash-15v+good(PBR<1,흑자)_ALL_h5 slip x2"", ""note"": ""7차 이벤트""}",-0.2617,-0.958,-1.882,0.1587,2561,"{'2016': -0.108, '2017': -0.235, '2018': -0.016, '2019': -0.146, '2020': -0.373, '2021': -0.162, '2022': -0.305, '2023': -0.128, '2024': -0.142, '2025': -0.275, '2026': -0.629}"
2026-09-25 14:06:57,"{""name"": ""R7 event crash-15v+rest_ALL_h5"", ""note"": ""7차 이벤트""}",-0.8494,-1.0,-4.429,0.4174,2561,"{'2016': -0.746, '2017': -0.795, '2018': -0.837, '2019': -0.749, '2020': -0.888, '2021': -0.919, '2022': -0.875, '2023': -0.777, '2024': -0.844, '2025': -0.654, '2026': -0.911}"
2026-09-25 14:06:58,"{""name"": ""R7 event crash-15v+rest_ALL_h5 slip x2"", ""note"": ""7차 이벤트""}",-0.9367,-1.0,-6.437,0.4239,2561,"{'2016': -0.857, '2017': -0.899, '2018': -0.925, '2019': -0.899, '2020': -0.953, '2021': -0.965, '2022': -0.942, '2023': -0.906, '2024': -0.94, '2025': -0.861, '2026': -0.962}"
2026-09-25 14:07:02,"{""name"": ""R7 event crash-15v+good(PBR<1,흑자)_ALL_h20"", ""note"": ""7차 이벤트""}",-0.1658,-0.8731,-0.669,0.2363,2561,"{'2016': -0.099, '2017': 0.101, '2018': 0.091, '2019': 0.004, '2020': -0.063, '2021': -0.024, '2022': -0.342, '2023': -0.14, '2024': -0.042, '2025': -0.208, '2026': -0.647}"
2026-09-25 14:07:06,"{""name"": ""R7 event crash-15v+good(PBR<1,흑자)_ALL_h20 slip x2"", ""note"": ""7차 이벤트""}",-0.2543,-0.957,-1.154,0.2367,2561,"{'2016': -0.13, '2017': 0.023, '2018': -0.011, '2019': -0.074, '2020': -0.175, '2021': -0.07, '2022': -0.411, '2023': -0.268, '2024': -0.166, '2025': -0.29, '2026': -0.707}"
2026-09-25 14:07:10,"{""name"": ""R7 event crash-15v+rest_ALL_h20"", ""note"": ""7차 이벤트""}",-0.6402,-1.0,-2.882,0.3431,2561,"{'2016': -0.581, '2017': -0.561, '2018': -0.659, '2019': -0.538, '2020': -0.669, '2021': -0.686, '2022': -0.748, '2023': -0.671, '2024': -0.555, '2025': -0.331, '2026': -0.689}"
2026-09-25 14:07:14,"{""name"": ""R7 event crash-15v+rest_ALL_h20 slip x2"", ""note"": ""7차 이벤트""}",-0.7516,-1.0,-3.96,0.3451,2561,"{'2016': -0.678, '2017': -0.697, '2018': -0.765, '2019': -0.684, '2020': -0.774, '2021': -0.784, '2022': -0.825, '2023': -0.771, '2024': -0.69, '2025': -0.535, '2026': -0.762}"
2026-09-25 14:07:26,"{""name"": ""R7 S(value) base"", ""note"": ""7차 가치+급락회피""}",0.1716,-0.4835,0.781,0.2481,2561,"{'2016': 0.481, '2017': 0.145, '2018': 0.281, '2019': 0.387, '2020': 0.476, '2021': 0.8, '2022': -0.164, '2023': 0.048, '2024': -0.235, '2025': 0.075, '2026': -0.095}",4.61
2026-09-25 14:07:36,"{""name"": ""R7 S(value) -avoid"", ""note"": ""7차 가치+급락회피""}",0.162,-0.4546,0.745,0.2492,2561,"{'2016': 0.486, '2017': 0.142, '2018': 0.246, '2019': 0.372, '2020': 0.437, '2021': 0.674, '2022': -0.154, '2023': 0.03, '2024': -0.249, '2025': 0.086, '2026': -0.032}",4.81
2026-09-25 14:07:45,"{""name"": ""R7 KOSDAQ-large-mom -avoid"", ""note"": ""7차 mom large KOSDAQ""}",0.0204,-0.5968,0.221,0.3076,2561,"{'2016': -0.147, '2017': 0.339, '2018': 0.109, '2019': -0.075, '2020': 0.317, '2021': -0.08, '2022': -0.412, '2023': 0.091, '2024': -0.205, '2025': 0.588, '2026': 0.073}",7.35
2026-09-25 14:07:53,"{""name"": ""R7 KOSPI-large-mom slip x2"", ""note"": ""7차 mom large KOSPI""}",0.0453,-0.609,0.304,0.2635,2561,"{'2016': -0.114, '2017': 0.19, '2018': -0.252, '2019': -0.129, '2020': 0.161, '2021': -0.003, '2022': -0.241, '2023': -0.014, '2024': 0.104, '2025': 0.714, '2026': 0.41}",5.69
2026-09-25 14:08:04,"{""name"": ""R7 KOSPI-large-h52 slip x2"", ""note"": ""7차 h52 large KOSPI""}",0.0121,-0.6268,0.167,0.222,2561,"{'2016': -0.07, '2017': 0.107, '2018': -0.322, '2019': -0.151, '2020': 0.164, '2021': 0.054, '2022': -0.283, '2023': 0.045, '2024': 0.015, '2025': 0.488, '2026': 0.377}",8.36
2026-09-25 14:08:13,"{""name"": ""R7 ALL-large-mom slip x2"", ""note"": ""7차 mom large ALL""}",0.0055,-0.6113,0.176,0.3159,2561,"{'2016': -0.21, '2017': 0.047, '2018': -0.15, '2019': -0.131, '2020': 0.634, '2021': -0.097, '2022': -0.359, '2023': 0.032, '2024': 0.007, '2025': 0.76, '2026': 0.002}",7.36
2026-09-25 14:08:23,"{""name"": ""R7 KOSDAQ-micro-h52 slip x2"", ""note"": ""7차 h52 micro KOSDAQ""}",-0.2349,-0.9962,0.247,7.881,2561,"{'2016': -0.299, '2017': -0.578, '2018': -0.44, '2019': -0.066, '2020': -0.045, '2021': -0.432, '2022': -0.439, '2023': -0.535, '2024': -0.671, '2025': -0.429, '2026': 13.815}",18.4
2026-09-25 14:08:31,"{""name"": ""R7 ALL-micro-h52 slip x2"", ""note"": ""7차 h52 micro ALL""}",-0.2642,-0.997,0.222,5.9111,2561,"{'2016': -0.348, '2017': -0.557, '2018': -0.415, '2019': -0.082, '2020': -0.362, '2021': -0.387, '2022': -0.571, '2023': -0.534, '2024': -0.558, '2025': -0.377, '2026': 11.164}",20.16
2026-09-25 14:08:32,"{""name"": ""R7 KOSDAQ-large-mom +timing200"", ""note"": ""7차 타이밍""}",-0.0232,-0.5412,0.043,0.2664,2561,"{'2016': -0.217, '2017': 0.198, '2018': -0.045, '2019': -0.101, '2020': -0.001, '2021': -0.142, '2022': 0.0, '2023': -0.241, '2024': -0.012, '2025': 0.596, '2026': -0.054}"
2026-09-25 14:08:32,"{""name"": ""R7 ALL-large-ma120 +timing200"", ""note"": ""7차 타이밍""}",-0.0702,-0.6523,-0.343,0.1737,2561,"{'2016': -0.066, '2017': 0.08, '2018': -0.07, '2019': -0.225, '2020': 0.016, '2021': -0.052, '2022': 0.0, '2023': -0.3, '2024': -0.111, '2025': 0.071, '2026': 0.002}"
2026-09-25 14:08:33,"{""name"": ""R7 M*40+DAA30+PP30 [KOSDAQ-large-mom]"", ""note"": ""7차 조합""}",0.0619,-0.2927,0.463,0.1615,2194,"{'2017': 0.117, '2018': 0.064, '2019': 0.07, '2020': 0.177, '2021': 0.005, '2022': -0.27, '2023': 0.093, '2024': 0.011, '2025': 0.413, '2026': -0.003}"
2026-09-25 14:08:33,"{""name"": ""R7 C*40+DAA30+PP30 [ALL-large-ma120]"", ""note"": ""7차 조합""}",0.0324,-0.2604,0.319,0.1287,2194,"{'2017': 0.014, '2018': 0.008, '2019': 0.052, '2020': 0.139, '2021': -0.0, '2022': -0.101, '2023': 0.038, '2024': -0.014, '2025': 0.175, '2026': 0.005}"
2026-09-25 14:08:34,"{""name"": ""R7 M*25+S25+DAA25+PP25 [KOSDAQ-large-mom]"", ""note"": ""7차 조합""}",0.1306,-0.2575,0.837,0.1675,2194,"{'2017': 0.074, '2018': 0.076, '2019': 0.149, '2020': 0.245, '2021': 0.175, '2022': -0.217, '2023': 0.096, '2024': -0.001, '2025': 0.509, '2026': 0.192}"
2026-09-25 14:08:34,"{""name"": ""R7 M*20+C*20+S20+DAA20+PP20"", ""note"": ""7차 조합""}",0.0953,-0.2941,0.629,0.1722,2194,"{'2017': 0.061, '2018': 0.061, '2019': 0.111, '2020': 0.224, '2021': 0.123, '2022': -0.208, '2023': 0.062, '2024': -0.046, '2025': 0.417, '2026': 0.154}"
2026-09-25 14:08:35,"{""name"": ""R7 M*t40+DAA30+PP30 [KOSDAQ-large-mom+timing]"", ""note"": ""7차 조합""}",0.054,-0.2843,0.474,0.1324,2194,"{'2017': 0.117, '2018': -0.013, '2019': 0.022, '2020': 0.078, '2021': -0.033, '2022': -0.039, '2023': -0.037, '2024': 0.08, '2025': 0.366, '2026': -0.003}"
